# Segments csv created Sun Mar  5 10:56:58 2017,,,,,,,,,,
# num_ytids=2041789, num_segs=2041789, num_unique_labels=527, num_positive_labels=4020212,,,,,,,
# YTID,start_seconds,end_seconds,positive_labels,,,,,,,
---1_cCGK4M,0,10," ""/m/01g50p",/m/0284vy3,/m/06d_3,/m/07jdr,"/m/07rwm0c""",,,
-20uudT97E0,30,40," ""/m/03qc9zr","/m/09x0r""",,,,,,
-2yygHLdpXc,20,30," ""/m/03qc9zr""",,,,,,,
-3bGlOhRkAo,140,150," ""/m/03qc9zr""",,,,,,,
-4pUrlMafww,1,11," ""/m/03qc9zr","/m/09x0r""",,,,,,
-7gojlG6bE4,30,40," ""/m/03qc9zr","/m/04rlf""",,,,,,
#NAME?,40,50," ""/m/01j3sz",/m/03qc9zr,"/m/07r660_""",,,,,
#NAME?,410,420," ""/m/03qc9zr",/m/04rlf,/m/09x0r,"/t/dd00126""",,,,
#NAME?,0,9," ""/m/03qc9zr","/t/dd00125""",,,,,,
#NAME?,30,40," ""/m/03qc9zr""",,,,,,,
#NAME?,20,30," ""/m/03qc9zr",/m/04rlf,"/m/09x0r""",,,,,
#NAME?,20,30," ""/m/03qc9zr""",,,,,,,
#NAME?,30,40," ""/m/03qc9zr",/m/04rlf,"/m/07s72n""",,,,,
#NAME?,120,130," ""/m/03qc9zr",/m/09x0r,"/t/dd00128""",,,,,
#NAME?,60,70," ""/m/03qc9zr",/m/04rlf,"/m/09x0r""",,,,,
#NAME?,30,40," ""/m/03qc9zr","/m/04rlf""",,,,,,
#NAME?,30,40," ""/m/03qc9zr",/m/07pzfmf,/m/07s2xch,"/m/09x0r""",,,,
#NAME?,80,90," ""/m/03qc9zr","/m/04rlf""",,,,,,
#NAME?,0,3," ""/m/03qc9zr","/m/0c1dj""",,,,,,
#NAME?,160,170," ""/m/03qc9zr",/m/09x0r,"/t/dd00125""",,,,,
#NAME?,30,40," ""/m/03qc9zr",/m/03r5q_,"/m/04rlf""",,,,,
#NAME?,30,40," ""/m/03qc9zr",/m/09x0r,"/m/0c1dj""",,,,,
#NAME?,30,40," ""/m/03qc9zr""",,,,,,,
#NAME?,0,10," ""/m/03qc9zr","/m/09x0r""",,,,,,
0-RnTXpp8Q0,30,40," ""/m/03qc9zr","/m/09x0r""",,,,,,
09YQukdYVI4,30,40," ""/m/03qc9zr",/m/03qtwd,/m/04rlf,/m/07qfr4h,"/m/09x0r""",,,
0A-jRMtiSGI,30,40," ""/m/03qc9zr""",,,,,,,
0Ees8KFCUXM,30,40," ""/m/03qc9zr",/m/03qtwd,/m/04rlf,"/m/09x0r""",,,,
0EymGuYWkFk,30,40," ""/m/03qc9zr","/m/04rlf""",,,,,,
0JOdbnmi_Og,20,30," ""/m/03qc9zr",/m/07ryjzk,/m/09x0r,"/t/dd00125""",,,,
0Nw1OyTsaAo,30,40," ""/m/03qc9zr",/m/04rlf,"/m/053hz1""",,,,,
0YnOMAls83g,30,40," ""/m/03qc9zr",/m/053hz1,/m/07qfr4h,"/m/09x0r""",,,,
0_gyUQkLCY8,30,40," ""/m/03qc9zr","/m/07s2xch""",,,,,,
0_hnDV2SHBI,7,17," ""/m/03qc9zr",/m/04rlf,"/m/0c1dj""",,,,,
0b24w9l0flA,10,20," ""/m/03qc9zr","/m/09x0r""",,,,,,
0hC044mDsWA,30,40," ""/m/03qc9zr",/m/03qtwd,/m/04rlf,"/m/09x0r""",,,,
0kQANiakiH0,30,40," ""/m/03qc9zr""",,,,,,,
0l1acpkziXE,140,150," ""/m/03qc9zr",/m/07r660_,"/m/09x0r""",,,,,
0o1aGQAWcQE,30,40," ""/m/03qc9zr",/m/09x0r,"/m/0jbk""",,,,,
0qC99Z0YeMY,210,220," ""/m/03qc9zr","/m/09x0r""",,,,,,
0rZzd93pUHs,30,40," ""/m/03qc9zr",/m/04rlf,"/m/09x0r""",,,,,
0soaJKVZ8cM,30,40," ""/m/03qc9zr",/m/03qtwd,/m/04rlf,/m/07qfr4h,"/m/09x0r""",,,
0uAVQtnXVeM,30,40," ""/m/03qc9zr",/m/04rlf,/m/053hz1,"/m/09x0r""",,,,
0uRLjhAsFGk,340,350," ""/m/03qc9zr",/m/04rlf,"/m/09x0r""",,,,,
0wdcRK_4fJY,100,110," ""/m/03qc9zr""",,,,,,,
0zTBKgGKflw,80,90," ""/m/03qc9zr""",,,,,,,
14U565gmdg4,30,40," ""/m/02rtxlg",/m/03qc9zr,"/m/07qfr4h""",,,,,
17hNGTxg6pU,30,40," ""/m/03qc9zr","/m/0l14jd""",,,,,,
1AvYsne1UYU,30,40," ""/m/03qc9zr","/m/04rlf""",,,,,,
1C8Oh2xOkMM,30,40," ""/m/03qc9zr","/m/09x0r""",,,,,,
1CLANjc8jzM,30,40," ""/m/03qc9zr","/t/dd00125""",,,,,,
1Cqm2iPspyU,30,40," ""/m/03qc9zr","/m/09x0r""",,,,,,
1DHcsuOeMgE,70,80," ""/m/03qc9zr","/m/09x0r""",,,,,,
1DOYARo3Dwc,30,40," ""/m/028ght",/m/03qc9zr,/m/04rlf,/m/07s8j8t,"/m/0l15bq""",,,
1F8vU7LHe38,320,330," ""/m/03qc9zr","/m/09x0r""",,,,,,
1HUt1HOLaeY,0,2," ""/m/03qc9zr",/m/03qtwd,/m/04rlf,"/m/09x0r""",,,,
1M7bb668bm4,20,30," ""/m/03qc9zr","/m/09x0r""",,,,,,
1NzgluE_9lo,0,7," ""/m/03qc9zr",/m/04rlf,"/m/09x0r""",,,,,
1Wuytc26kQo,30,40," ""/m/03qc9zr","/m/04rlf""",,,,,,
1YyWDHJ3OCM,30,40," ""/m/03qc9zr","/m/04rlf""",,,,,,
1ZHUOVBPDeM,560,570," ""/m/03qc9zr","/m/09x0r""",,,,,,
1Zm5OzLxNqo,0,8," ""/m/03qc9zr","/m/09x0r""",,,,,,
1_A742sRonE,50,60," ""/m/03qc9zr",/m/07bgp,"/m/0jbk""",,,,,
1hQfWYFjrTE,140,150," ""/m/03qc9zr",/m/09x0r,"/m/0ytgt""",,,,,
1iG4kkFxrS8,20,30," ""/m/03qc9zr",/m/04rlf,"/m/09x0r""",,,,,
1koqIX6Qcn4,0,9," ""/m/03qc9zr","/m/04rlf""",,,,,,
1lFcPooQI8A,30,40," ""/m/03qc9zr","/m/04rlf""",,,,,,
1lekVu44f4k,30,40," ""/m/03qc9zr",/m/09x0r,"/t/dd00125""",,,,,
1mhnWWj5bzs,70,80," ""/m/03qc9zr","/m/04rlf""",,,,,,
1msyXyqRvpY,0,10," ""/m/03qc9zr""",,,,,,,
1rxsXvj5hQc,80,90," ""/m/03qc9zr""",,,,,,,
1tr7X_WlOrI,30,40," ""/m/03qc9zr",/m/04rlf,"/m/0l15bq""",,,,,
1y1CS3tduBw,30,40," ""/m/03qc9zr",/m/04rlf,"/m/053hz1""",,,,,
2-Ms_OcZRv0,30,40," ""/m/03qc9zr",/m/03qtwd,/m/04rlf,/m/053hz1,"/m/09x0r""",,,
20qEIZlhruA,30,40," ""/m/03qc9zr","/m/04rlf""",,,,,,
25j6vtYSIdk,160,170," ""/m/03qc9zr""",,,,,,,
25oh2YZKY6o,10,20," ""/m/03qc9zr","/m/04rlf""",,,,,,
28VoHgz8Pbg,30,40," ""/m/03qc9zr",/m/03qtwd,/m/04rlf,/m/053hz1,/m/09x0r,"/m/0l15bq""",,
28tKdvh_rNk,10,20," ""/m/03qc9zr","/m/04rlf""",,,,,,
2D5_DFaSTVk,220,230," ""/m/03qc9zr","/m/09x0r""",,,,,,
2EVWWafRWwY,30,40," ""/m/03qc9zr",/m/03qtwd,/m/04rlf,"/m/0l15bq""",,,,
2F-1urjNwpo,30,40," ""/m/03qc9zr",/m/03qtwd,/m/04rlf,"/m/07qfr4h""",,,,
2FsW23lxbBY,30,40," ""/m/03qc9zr","/m/04rlf""",,,,,,
2G4_eviie4w,30,40," ""/m/03qc9zr",/m/03qtwd,/m/04rlf,"/m/0c1dj""",,,,
2GsP2RDXZtg,130,140," ""/m/03qc9zr","/m/09x0r""",,,,,,
2IRTIUYmEGw,230,240," ""/m/03qc9zr""",,,,,,,
2KemIPeXeyQ,30,40," ""/m/03qc9zr","/m/09x0r""",,,,,,
2LFkHY__MKQ,280,290," ""/m/03qc9zr","/m/09x0r""",,,,,,
2LSdwiqy44E,40,50," ""/m/03qc9zr""",,,,,,,
2LzHPXXJKHg,0,10," ""/m/012f08",/m/03qc9zr,/m/07yv9,/m/09x0r,"/m/0k4j""",,,
2MPj4OvD3JI,300,310," ""/m/03qc9zr","/m/09x0r""",,,,,,
2P-faHJs-1g,27,37," ""/m/03qc9zr",/m/04rlf,"/m/09x0r""",,,,,
2UUUivJa6DY,0,7," ""/m/03qc9zr","/m/04rlf""",,,,,,
2Vtak7T92Rc,10,20," ""/m/03qc9zr",/m/09x0r,"/m/0ytgt""",,,,,
2WwYJFQiV6U,30,40," ""/m/03qc9zr","/m/0c1dj""",,,,,,
2YPEuBTGQoc,130,140," ""/m/03qc9zr","/m/09x0r""",,,,,,
2YqSDcV5v9E,270,280," ""/m/03qc9zr""",,,,,,,
2aMLt2XgfXg,20,30," ""/m/03qc9zr","/m/0463cq4""",,,,,,
2kuuwEr32YE,30,40," ""/m/03qc9zr",/m/03qtwd,/m/04rlf,/m/053hz1,"/m/09x0r""",,,
2mrA762O4f4,6,16," ""/m/03qc9zr","/m/09x0r""",,,,,,
2nLPkozoJoQ,60,70," ""/m/01j3sz",/m/03qc9zr,"/m/04rlf""",,,,,
2o5phG83XgU,0,10," ""/m/03qc9zr","/m/09x0r""",,,,,,
2p_O5Tq1XfQ,30,40," ""/m/03qc9zr",/m/03qtwd,"/m/09x0r""",,,,,
2pcn-rAaD3E,20,30," ""/m/03qc9zr""",,,,,,,
2sSDVIV7kdA,210,220," ""/m/03qc9zr",/m/04rlf,"/m/09x0r""",,,,,
2t3GNtr5TLg,10,20," ""/m/03qc9zr""",,,,,,,
2u9tk_L7ZZU,210,220," ""/m/03qc9zr","/m/09x0r""",,,,,,
2zBAM41lOGo,0,10," ""/m/03qc9zr",/m/04rlf,"/m/09x0r""",,,,,
32_QEpwmYOo,13,23," ""/m/03qc9zr",/m/04rlf,"/m/09x0r""",,,,,
34B5n63bnDc,30,40," ""/m/028v0c",/m/03qc9zr,"/m/09x0r""",,,,,
35iZWkYaKPE,15,25," ""/m/03qc9zr","/m/09x0r""",,,,,,
381WxsQvL8E,140,150," ""/m/03qc9zr""",,,,,,,
3ENGi9jfMps,50,60," ""/m/03qc9zr","/m/09x0r""",,,,,,
3GKXi74m3RY,0,8," ""/m/03qc9zr","/m/09x0r""",,,,,,
3GphOenlNiw,40,50," ""/m/03qc9zr","/m/04rlf""",,,,,,
3NbMgA6R5T0,18,28," ""/m/03qc9zr","/m/0c1dj""",,,,,,
3O4etBY6e6U,160,170," ""/m/03qc9zr","/m/0c1dj""",,,,,,
3PGk_NqInRs,0,5," ""/m/03qc9zr""",,,,,,,
3R7fRAUAFPg,70,80," ""/m/03qc9zr""",,,,,,,
3UGVBYBbzz8,30,40," ""/m/028ght",/m/03qc9zr,/m/053hz1,"/m/09x0r""",,,,
3Ua-Y63E7fw,30,40," ""/m/03qc9zr","/m/09x0r""",,,,,,
3WXmSgGShGE,30,40," ""/m/03qc9zr",/m/03qtwd,/m/04rlf,"/m/09x0r""",,,,
3_-yQpQ0o6I,10,20," ""/m/03qc9zr",/m/04rlf,"/m/09x0r""",,,,,
3bqGx2W_DK0,30,40," ""/m/03qc9zr",/m/03qtwd,/m/04rlf,"/m/0c1dj""",,,,
3edzSTr2iXs,30,40," ""/m/03qc9zr",/m/03qtwd,"/m/04rlf""",,,,,
3ijkT9Ci4vI,30,40," ""/m/03qc9zr","/t/dd00002""",,,,,,
3mGMaY51ArM,380,390," ""/m/03qc9zr""",,,,,,,
3rgi-AozsLs,30,40," ""/m/03qc9zr",/m/07hvw1,/m/07qfr4h,"/m/09x0r""",,,,
3uZQYCAhNyU,13,23," ""/m/03qc9zr","/m/04rlf""",,,,,,
3uaFu4euuXU,0,10," ""/m/03qc9zr","/m/09x0r""",,,,,,
3zAp2kxzU7Q,50,60," ""/m/03qc9zr",/m/04rlf,"/m/07rn7sz""",,,,,
40l-BHSf4Q4,40,50," ""/m/03qc9zr",/m/04rlf,"/m/09x0r""",,,,,
41frLbvJKhQ,0,10," ""/m/03qc9zr""",,,,,,,
4DehgF5MyHs,20,30," ""/m/03qc9zr",/m/09x0r,"/m/0jbk""",,,,,
4NetAxSbj-Y,30,40," ""/m/03qc9zr""",,,,,,,
4X41JGsXexI,20,30," ""/m/03qc9zr",/m/03qtwd,"/m/04rlf""",,,,,
4ZVrM1WH7FY,30,40," ""/m/03qc9zr","/m/04rlf""",,,,,,
4aNtZ8cbFzI,30,40," ""/m/03qc9zr","/m/04rlf""",,,,,,
4dj6NLvutnQ,30,40," ""/m/03qc9zr",/m/04rlf,/m/07qfr4h,/m/07rkbfh,/m/09x0r,"/t/dd00127""",,
4hew3HeE1LI,0,10," ""/m/03fwl",/m/03qc9zr,/m/04rlf,/m/07rn7sz,"/m/09x0r""",,,
4lpu8RIA6_k,330,340," ""/m/03qc9zr","/m/09x0r""",,,,,,
4muQtHIUKyU,170,180," ""/m/03qc9zr""",,,,,,,
4nPwg37Vrg4,30,40," ""/m/03qc9zr",/m/03qtwd,/m/04rlf,/m/053hz1,"/m/09x0r""",,,
4oNM9Ze60DI,80,90," ""/m/03qc9zr",/m/09x0r,"/m/0ytgt""",,,,,
4q0VNKomhjI,70,80," ""/m/01j3sz",/m/02zsn,/m/03qc9zr,"/m/09x0r""",,,,
4ql7qb0uL14,0,7," ""/m/03fwl",/m/03qc9zr,/m/09x0r,"/m/0jbk""",,,,
4trq0MmPG2M,2,12," ""/m/03qc9zr","/m/09x0r""",,,,,,
4tsbMQETqQw,20,30," ""/m/03qc9zr","/m/09x0r""",,,,,,
4v8gc0VhmqY,30,40," ""/m/03qc9zr""",,,,,,,
4xTGouBKGN4,30,40," ""/m/03qc9zr","/m/04rlf""",,,,,,
4xf8wsy94EU,0,10," ""/m/03qc9zr","/m/09x0r""",,,,,,
4yBWQ0Z5c1I,30,40," ""/m/03qc9zr",/m/04rlf,"/m/0c1dj""",,,,,
4yZFGlLSP0Q,20,30," ""/m/034srq",/m/03qc9zr,/m/05kq4,"/m/09x0r""",,,,
4zLU4Hf8_VY,30,40," ""/m/03qc9zr",/m/04rlf,"/m/07qfr4h""",,,,,
5-CaTkh5xUI,80,90," ""/m/03qc9zr""",,,,,,,
51YYDbq10A0,3,13," ""/m/03qc9zr",/m/04rlf,/m/09x0r,"/m/0c1dj""",,,,
52waxTykuLc,30,40," ""/m/03qc9zr",/m/03qtwd,/m/04rlf,"/m/09x0r""",,,,
54MkoyLle2Q,160,170," ""/m/03qc9zr""",,,,,,,
54wPGR5TLPs,500,510," ""/m/03qc9zr","/m/09x0r""",,,,,,
57RzoHQGpww,110,120," ""/m/03qc9zr","/m/03qtwd""",,,,,,
5FuSmFvqBh0,160,170," ""/m/03lty",/m/03qc9zr,"/m/04rlf""",,,,,
5GR4gonwNCE,0,9," ""/m/03qc9zr","/m/09x0r""",,,,,,
5IAS11SG9Dc,30,40," ""/m/03qc9zr",/m/03qtwd,"/m/04rlf""",,,,,
5IQGfpXGAbg,60,70," ""/m/03qc9zr","/m/09x0r""",,,,,,
5Ij70k0DbcY,1,11," ""/m/028ght",/m/03qc9zr,/m/03qtwd,/m/053hz1,"/m/09x0r""",,,
5KewbMIzKlU,10,20," ""/m/03qc9zr","/m/04rlf""",,,,,,
5L78Wi1rhyA,160,170," ""/m/03qc9zr",/m/04rlf,/m/07c52,"/m/09x0r""",,,,
5LuOvJ0hgLQ,30,40," ""/m/03qc9zr","/m/04rlf""",,,,,,
5Mepf6JTIOw,140,150," ""/m/03qc9zr""",,,,,,,
5SuuqLsuCaQ,30,40," ""/m/03qc9zr","/m/09x0r""",,,,,,
5TWL_hGlwyg,110,120," ""/m/03qc9zr""",,,,,,,
5TmGyuqwKUo,30,40," ""/m/03qc9zr","/m/04rlf""",,,,,,
5WoC-7w6z98,30,40," ""/m/03qc9zr",/m/03qtwd,/m/04rlf,"/m/09x0r""",,,,
5_dZTmDLxSQ,30,40," ""/m/03qc9zr",/m/04rlf,"/m/0c1dj""",,,,,
5bqVGgtJHBE,310,320," ""/m/03qc9zr","/m/09x0r""",,,,,,
5c6wTpeOqpg,20,30," ""/m/03qc9zr",/m/04rlf,/m/053hz1,"/m/064t9""",,,,
5dYlvKV6mrc,30,40," ""/m/03qc9zr","/m/09x0r""",,,,,,
5t4vQjw30_A,80,90," ""/m/03qc9zr",/m/04rlf,"/m/07qnq_y""",,,,,
5yTNLH67SP4,30,40," ""/m/03qc9zr","/m/04rlf""",,,,,,
5z5DFQfiRZ4,90,100," ""/m/03qc9zr","/m/09x0r""",,,,,,
60I8VwOkzcg,70,80," ""/m/03dnzn",/m/03qc9zr,/m/07s04w4,"/m/09x0r""",,,,
64OqJwbhHMQ,30,40," ""/m/03qc9zr","/m/04rlf""",,,,,,
65V6hq-dgGg,30,40," ""/m/03qc9zr",/m/03qtwd,/m/04rlf,"/m/09x0r""",,,,
663Cy9dppf8,50,60," ""/m/03qc9zr","/m/09x0r""",,,,,,
6AFVlijRSNU,30,40," ""/m/03qc9zr","/m/09x0r""",,,,,,
6DZwNokgiPA,20,30," ""/m/03qc9zr""",,,,,,,
6H3MUryE568,30,40," ""/m/03qc9zr",/m/04rlf,"/m/09x0r""",,,,,
6HfwD2hpsFU,420,430," ""/m/02zsn",/m/03qc9zr,/m/04rlf,"/m/09x0r""",,,,
6IweM46I2is,0,4," ""/m/03qc9zr","/m/09x0r""",,,,,,
6Ln0va9Y9ww,0,7," ""/m/03qc9zr","/m/0ytgt""",,,,,,
6Nmcv0AdWYY,30,40," ""/m/03qc9zr""",,,,,,,
6OfUEP8EFRM,200,210," ""/m/01j3sz",/m/03fwl,/m/03qc9zr,/m/09x0r,"/m/0jbk""",,,
6S6kil3vpk8,30,40," ""/m/03qc9zr","/m/04rlf""",,,,,,
6UP3giSp8cI,40,50," ""/m/03qc9zr",/m/04rlf,"/m/09x0r""",,,,,
6bQGbJutS5g,30,40," ""/m/03qc9zr",/m/03qtwd,/m/04rlf,"/m/09x0r""",,,,
6vuvHFVTuuc,110,120," ""/m/03qc9zr","/m/09x0r""",,,,,,
6ztL-ySuHCk,0,10," ""/m/03qc9zr",/m/09x0r,"/m/0ytgt""",,,,,
70QrXPezY2o,20,30," ""/m/03qc9zr",/m/09x0r,"/t/dd00128""",,,,,
714_cN51H7U,40,50," ""/m/03qc9zr""",,,,,,,
721c2axfPxw,30,40," ""/m/03qc9zr",/m/04rlf,"/m/09x0r""",,,,,
72fUt6hvcs0,0,10," ""/m/03qc9zr","/m/09x0r""",,,,,,
75EwmfHLijI,20,30," ""/m/03qc9zr","/m/09x0r""",,,,,,
75MKX1nmeNA,30,40," ""/m/03qc9zr""",,,,,,,
76ilqsui5Xw,30,40," ""/m/03qc9zr",/m/03qtwd,/m/07qfr4h,"/m/09x0r""",,,,
76nrpTHeCLI,110,120," ""/m/03qc9zr""",,,,,,,
7CPGD73Sou8,30,40," ""/m/03qc9zr","/m/04rlf""",,,,,,
7FuBkI8ThD0,400,410," ""/m/03qc9zr""",,,,,,,
7Gtx7ooeows,20,30," ""/m/03qc9zr","/m/09x0r""",,,,,,
7H5m-slHS8g,30,40," ""/m/03qc9zr",/m/04rlf,"/m/09x0r""",,,,,
7HsIqQVqTs4,0,10," ""/m/03qc9zr","/m/04rlf""",,,,,,
7J7uU7kl_ig,0,10," ""/m/03qc9zr",/m/04rlf,"/m/09x0r""",,,,,
7PzpRyanBic,30,40," ""/m/03qc9zr","/m/09x0r""",,,,,,
7T6fX7dKIIc,50,60," ""/m/03qc9zr","/m/09x0r""",,,,,,
7V4GSx-SVsM,30,40," ""/m/03qc9zr""",,,,,,,
7XNPMJV06Dw,0,10," ""/m/03qc9zr""",,,,,,,
7ZxN4Labbsg,30,40," ""/m/03qc9zr",/m/04rlf,"/m/07s8j8t""",,,,,
7ag2YQ1Kn2c,0,7," ""/m/02rtxlg",/m/03qc9zr,"/m/09x0r""",,,,,
7ecA9fPVyxE,350,360," ""/m/03qc9zr""",,,,,,,
7ghFQZ6tFS0,30,40," ""/m/03qc9zr","/m/09x0r""",,,,,,
7h8_xS7321c,280,290," ""/m/03qc9zr","/m/09x0r""",,,,,,
7hBUH83OJmQ,380,390," ""/m/03qc9zr""",,,,,,,
7kL7i5VdAT4,30,40," ""/m/03qc9zr",/m/03qtwd,"/m/09x0r""",,,,,
7mcrZwM1t_Q,130,140," ""/m/03qc9zr","/m/09x0r""",,,,,,
7pwrR3Qo9ZU,60,70," ""/m/03qc9zr",/m/04rlf,"/m/09x0r""",,,,,
7vgdo_d23XI,420,430," ""/m/01j3sz",/m/03qc9zr,"/m/09x0r""",,,,,
82V80XZKV8M,90,100," ""/m/03qc9zr",/m/04rlf,"/m/09x0r""",,,,,
83-cNpSYm7M,150,160," ""/m/03qc9zr","/m/09x0r""",,,,,,
88MIatNDY0A,0,9," ""/m/03qc9zr","/m/09x0r""",,,,,,
88SopTWiKLg,0,3," ""/m/03qc9zr","/m/09x0r""",,,,,,
8H4Pc9ufSpw,30,40," ""/m/03qc9zr","/m/09x0r""",,,,,,
8Iomk4TBn8Y,150,160," ""/m/03qc9zr",/m/04rlf,"/m/09x0r""",,,,,
8KLDKzOulAw,30,40," ""/m/03qc9zr",/m/03qtwd,/m/04rlf,"/m/09x0r""",,,,
8L4k2Y6vIZo,30,40," ""/m/03qc9zr",/m/04rlf,/m/09x0r,"/m/0c1dj""",,,,
8LJoxGTTnp0,18,28," ""/m/03qc9zr","/m/09x0r""",,,,,,
8LYY2pQPd80,100,110," ""/m/03qc9zr""",,,,,,,
8M51aCH70Z8,28,38," ""/m/03qc9zr""",,,,,,,
8PDsogXkGnw,6,16," ""/m/03qc9zr",/m/04rlf,"/m/07qfr4h""",,,,,
8Pw7Uw2ttcc,30,40," ""/m/03qc9zr",/m/03qtwd,/m/04rlf,"/m/09x0r""",,,,
8RhqjFNu3yA,250,260," ""/m/03qc9zr","/m/04rlf""",,,,,,
8Vb69cN3uWQ,30,40," ""/m/03qc9zr",/m/04rlf,"/m/0c1dj""",,,,,
8Xcri26EPSc,130,140," ""/m/03qc9zr",/m/04rlf,"/m/09x0r""",,,,,
8_tH6vdjCi0,30,40," ""/m/03qc9zr",/m/03qtwd,/m/04rlf,"/m/09x0r""",,,,
8bXcxLFTR2E,30,40," ""/m/03qc9zr",/m/03qtwd,"/m/09x0r""",,,,,
8ceBRyDyDn8,50,60," ""/m/03qc9zr","/m/09x0r""",,,,,,
8e3DkVW9FFU,310,320," ""/m/03qc9zr""",,,,,,,
8ishaG9pyMA,30,40," ""/m/028ght",/m/03qc9zr,/m/03qtwd,/m/09x0r,"/m/0l15bq""",,,
8jN5OJJLfZ4,230,240," ""/m/03qc9zr","/m/09x0r""",,,,,,
8knK23pvkqs,120,130," ""/m/03qc9zr","/m/09x0r""",,,,,,
8lb3hSetDyk,30,40," ""/m/03qc9zr","/m/04rlf""",,,,,,
8mqmI0AfbTw,0,10," ""/m/03qc9zr",/m/09x0r,"/m/0jbk""",,,,,
8nyGDRdrruw,30,40," ""/m/03qc9zr""",,,,,,,
8o8LyEIy5UA,30,40," ""/m/03qc9zr","/m/04rlf""",,,,,,
8qsjlzvgaZM,0,9," ""/m/01j3sz",/m/03qc9zr,"/m/09x0r""",,,,,
9-5c4-1T_v0,20,30," ""/m/03qc9zr",/m/04rlf,"/m/09x0r""",,,,,
94COSACl2QM,30,40," ""/m/03qc9zr""",,,,,,,
94G7UMYkSxs,30,40," ""/m/03qc9zr","/m/09x0r""",,,,,,
97-vQ_FDkWc,80,90," ""/m/03qc9zr","/m/09x0r""",,,,,,
971TB9uP1z4,20,30," ""/m/03qc9zr","/m/09x0r""",,,,,,
97dfAgKJeL0,30,40," ""/m/03qc9zr",/m/04rlf,"/m/0c1dj""",,,,,
97rwNreNPP4,30,40," ""/m/03qc9zr",/m/03qtwd,/m/07qfr4h,"/m/09x0r""",,,,
9AZZncb_yek,0,7," ""/m/03qc9zr",/m/07bgp,/m/0ch8v,"/m/0jbk""",,,,
9AjwZM05WyI,30,40," ""/m/03qc9zr","/m/04rlf""",,,,,,
9EFXh2HCS80,30,40," ""/m/03qc9zr",/m/03v3yw,"/m/04rlf""",,,,,
9KR6Kr_ixf0,290,300," ""/m/03qc9zr",/m/09x0r,"/m/0ytgt""",,,,,
9Rw6ubVIKpE,40,50," ""/m/03qc9zr","/m/09x0r""",,,,,,
9UhhRu-0iyA,0,10," ""/m/03qc9zr","/m/04rlf""",,,,,,
9ZmXYwkhfBw,0,10," ""/m/03qc9zr""",,,,,,,
9bM_mkoP3lw,270,280," ""/m/03lty",/m/03qc9zr,/m/04rlf,"/m/06by7""",,,,
9cMOLxEN1qM,130,140," ""/m/03qc9zr","/m/09x0r""",,,,,,
9dg91_16cqM,30,40," ""/m/028ght",/m/03qc9zr,"/m/04rlf""",,,,,
9fL3bNArxmc,0,10," ""/m/03fwl",/m/03qc9zr,"/m/0ch8v""",,,,,
9iJJBsMlFXU,30,40," ""/m/03qc9zr",/m/04rlf,"/m/09x0r""",,,,,
9jS9SPR07Fk,90,100," ""/m/01j3sz",/m/03qc9zr,"/m/09x0r""",,,,,
9l9TdwUim2E,10,20," ""/m/03qc9zr""",,,,,,,
9lC9r9Zqm5w,10,20," ""/m/03qc9zr""",,,,,,,
9mNyK87SgWk,30,40," ""/m/03qc9zr",/m/03qtwd,"/m/09x0r""",,,,,
9pM3pzFnJIw,30,40," ""/m/03qc9zr",/m/03qtwd,/m/04rlf,/m/07qfr4h,"/m/09x0r""",,,
9s5V2kMiCpw,30,40," ""/m/03qc9zr","/m/09x0r""",,,,,,
9sbiN76Znck,490,500," ""/m/03qc9zr","/m/09x0r""",,,,,,
9vVrBybwoOw,40,50," ""/m/03qc9zr","/m/09x0r""",,,,,,
9w8JpNjezTM,3,13," ""/m/03qc9zr",/m/03qtwd,"/m/053hz1""",,,,,
9xWCpsfgg1M,30,40," ""/m/03qc9zr""",,,,,,,
A5_6HH9kwd0,20,30," ""/m/03qc9zr","/m/09x0r""",,,,,,
A6AQAnd6YqY,390,400," ""/m/03qc9zr",/m/04rlf,/m/09x0r,"/t/dd00126""",,,,
AB_6chO1uD0,50,60," ""/m/03qc9zr","/m/09x0r""",,,,,,
ADKjrxUihKk,30,40," ""/m/03qc9zr""",,,,,,,
AENuBJZbNG8,30,40," ""/m/03qc9zr",/m/07yv9,"/m/09x0r""",,,,,
AJcePrVyzag,160,170," ""/m/03qc9zr","/m/09x0r""",,,,,,
AJpUGLilIqI,9,19," ""/m/015lz1",/m/03lty,/m/03qc9zr,"/m/04rlf""",,,,
AKQqanWWPcI,110,120," ""/m/03qc9zr""",,,,,,,
APgozwP_RAw,30,40," ""/m/03qc9zr","/m/09x0r""",,,,,,
ARUQ45wCONM,10,20," ""/m/03qc9zr",/m/04rlf,/m/0838f,"/m/09x0r""",,,,
AY-l3ejXVZE,10,20," ""/m/03qc9zr","/m/09x0r""",,,,,,
AYpXZRPFFp0,5,15," ""/m/03qc9zr","/m/04rlf""",,,,,,
A_ydZw1_mSs,0,4," ""/m/03qc9zr""",,,,,,,
AdayCB7NZr4,90,100," ""/m/03qc9zr",/m/09x0r,"/t/dd00013""",,,,,
Adb4qapm8QI,30,40," ""/m/03qc9zr",/m/04rlf,/m/07qfr4h,"/m/09x0r""",,,,
Al5Sm-Pfzjg,30,40," ""/m/03qc9zr","/m/0c1dj""",,,,,,
AnRdIsoUTK4,30,40," ""/m/03qc9zr""",,,,,,,
Ayn-IrOYK84,5,15," ""/m/03qc9zr","/m/04rlf""",,,,,,
AzKh6Z_TzfM,410,420," ""/m/03qc9zr",/m/07r660_,/m/09x0r,"/t/dd00126""",,,,
B-_xBMKv_h0,30,40," ""/m/03qc9zr",/m/04rlf,"/m/06bxc""",,,,,
B-xMMBYAJiU,30,40," ""/m/03qc9zr""",,,,,,,
B3_2PqQh8lg,30,40," ""/m/03qc9zr""",,,,,,,
B4_ruAnPGFc,30,40," ""/m/015lz1",/m/03qc9zr,"/m/04rlf""",,,,,
B6FPZgJ489E,280,290," ""/m/03qc9zr",/m/04rlf,"/m/07rgt08""",,,,,
B7FLiKDMyJA,18,28," ""/m/03qc9zr","/m/04rlf""",,,,,,
B7hmPDj_oU8,10,20," ""/m/03qc9zr","/m/09x0r""",,,,,,
BBJ0y1q00L0,30,40," ""/m/03qc9zr","/m/09x0r""",,,,,,
BFyA47oNp94,18,28," ""/m/03qc9zr","/m/09x0r""",,,,,,
BI-3qyY9sdM,30,40," ""/m/03qc9zr","/m/04rlf""",,,,,,
BJ-QduG8VQM,50,60," ""/m/03qc9zr","/m/09x0r""",,,,,,
BS_RcUnRB_g,10,20," ""/m/03qc9zr""",,,,,,,
BWyGs_EeEXs,250,260," ""/m/03qc9zr",/m/04rlf,/m/07sr1lc,"/m/09x0r""",,,,
BXLozSd9QYQ,220,230," ""/m/03qc9zr""",,,,,,,
BbLzO36tBo0,30,40," ""/m/03qc9zr","/m/04rlf""",,,,,,
BbTpoFZbLvw,0,10," ""/m/03qc9zr""",,,,,,,
BdWn9pKLz_k,160,170," ""/m/03qc9zr",/m/04rlf,"/m/09x0r""",,,,,
Bdez-Sk1zQo,20,30," ""/m/03fwl",/m/03qc9zr,/m/09x0r,"/m/0jbk""",,,,
BeRaTCL7fvw,0,9," ""/m/03qc9zr""",,,,,,,
BfVcHcorGS8,0,10," ""/m/03qc9zr","/m/04rlf""",,,,,,
BkoU2ugNoXE,5,15," ""/m/03qc9zr","/m/05zppz""",,,,,,
Bz1oeOa122A,140,150," ""/m/03qc9zr","/m/09x0r""",,,,,,
C07OgADP2y0,10,20," ""/m/03qc9zr","/m/04rlf""",,,,,,
C0rhAhtX1hg,340,350," ""/m/03qc9zr""",,,,,,,
C1R7CYlMOIw,30,40," ""/m/03qc9zr","/m/09x0r""",,,,,,
C2oFyI1m-hg,270,280," ""/m/03qc9zr""",,,,,,,
C7psbpRep4w,0,7," ""/m/03fwl",/m/03qc9zr,/m/07bgp,/m/07q0h5t,/m/09x0r,/m/0ch8v,"/m/0jbk""",
C92T1QixZPU,30,40," ""/m/03qc9zr","/m/04rlf""",,,,,,
CA3sbGHEE3c,1,11," ""/m/03qc9zr","/m/09x0r""",,,,,,
CC4G1xMDcz4,0,4," ""/m/03qc9zr""",,,,,,,
CC8ZYGk63W0,30,40," ""/m/01j3sz",/m/0261r1,/m/03qc9zr,/m/0463cq4,/m/07rgt08,/m/07s04w4,/m/0ytgt,"/t/dd00125"""
CDClgRElouk,30,40," ""/m/03qc9zr",/m/07s2xch,"/m/09x0r""",,,,,
CGpcgkjJrTs,60,70," ""/m/03qc9zr",/m/04rlf,"/m/09x0r""",,,,,
CIDLvXz84L0,0,8," ""/m/03qc9zr""",,,,,,,
CLLABsOfE7M,5,15," ""/m/03qc9zr""",,,,,,,
CLgiT1_V2Oo,15,25," ""/m/03qc9zr",/m/04rlf,"/m/064t9""",,,,,
CPqoSdHicrc,230,240," ""/m/03qc9zr""",,,,,,,
CUImTjOytBY,0,7," ""/m/03fwl",/m/03qc9zr,/m/09x0r,/m/0ch8v,"/m/0jbk""",,,
CZ5Cx2EStQc,260,270," ""/m/03qc9zr""",,,,,,,
C_zET2SwW5c,0,10," ""/m/03qc9zr",/m/06d_3,/m/07jdr,/m/07yv9,"/m/09x0r""",,,
CdpeaQjDJvY,160,170," ""/m/03qc9zr","/m/04rlf""",,,,,,
CiuR39vrFwI,220,230," ""/m/03qc9zr""",,,,,,,
CjptxmccUBk,30,40," ""/m/03qc9zr","/m/09x0r""",,,,,,
Ck17fc7X_sk,30,40," ""/m/03qc9zr","/m/04rlf""",,,,,,
CkwtygLgFok,30,40," ""/m/03qc9zr",/m/04rlf,"/m/09x0r""",,,,,
CrdKXEDdSRY,280,290," ""/m/03qc9zr""",,,,,,,
CvMFTC0yU1M,60,70," ""/m/03qc9zr""",,,,,,,
D7a5QMGqQUY,190,200," ""/m/015lz1",/m/028sqc,/m/03qc9zr,/m/04rlf,"/m/064t9""",,,
D7oNBQLxbMY,60,70," ""/m/03qc9zr","/m/04rlf""",,,,,,
D8TCZl8TLwM,30,40," ""/m/03lty",/m/03qc9zr,/m/04rlf,/m/05r6t,"/m/07sr1lc""",,,
D9D7cU_N1J8,10,20," ""/m/02zsn",/m/03qc9zr,"/m/09x0r""",,,,,
DAfiqmAqZG4,30,40," ""/m/03qc9zr","/m/09x0r""",,,,,,
DBPbNWss8zk,30,40," ""/m/03qc9zr",/m/07pc8lb,/m/09x0r,"/m/0c1dj""",,,,
DE4bCkOXGQ8,22,32," ""/m/03qc9zr","/m/09x0r""",,,,,,
DF5LtYwhU9M,0,10," ""/m/03qc9zr","/m/04rlf""",,,,,,
DO9kMW3f7Po,3,13," ""/m/03qc9zr""",,,,,,,
DUxBLH7iA20,70,80," ""/m/03qc9zr","/m/03qtwd""",,,,,,
DV_gG7uem6Y,70,80," ""/m/03qc9zr""",,,,,,,
DbaGhZj6lAM,4,14," ""/m/03qc9zr",/m/09x0r,"/m/0jbk""",,,,,
DhVvHltZ1o8,50,60," ""/m/03qc9zr",/m/04rlf,"/m/09x0r""",,,,,
DlgCWtuseb8,0,9," ""/m/03qc9zr",/m/04rlf,"/m/09x0r""",,,,,
DmDsORMoBFI,0,10," ""/m/03qc9zr","/m/09x0r""",,,,,,
DnByZlF9NAE,50,60," ""/m/02zsn",/m/03qc9zr,"/m/09x0r""",,,,,
Ds1nfXl3OBc,50,60," ""/m/03qc9zr","/m/09x0r""",,,,,,
E-V7blxcItc,0,10," ""/m/03qc9zr","/m/04rlf""",,,,,,
E1OLhcgcvnQ,30,40," ""/m/03qc9zr""",,,,,,,
ELj9CaNuCbY,30,40," ""/m/03qc9zr""",,,,,,,
ENWNe64RqFY,50,60," ""/m/01j3sz",/m/03qc9zr,"/m/0ytgt""",,,,,
ER1chrpTv8M,0,5," ""/m/03qc9zr","/m/09x0r""",,,,,,
ERx4CXw73XE,0,10," ""/m/03qc9zr",/m/04rlf,"/m/09x0r""",,,,,
Eb03vQmXqKg,30,40," ""/m/03qc9zr","/m/04rlf""",,,,,,
Ed2NH4yfBYg,10,20," ""/m/03qc9zr""",,,,,,,
ElPhjrtVQN8,430,440," ""/m/03qc9zr","/m/09x0r""",,,,,,
Exmr9kRrrlw,10,20," ""/m/03qc9zr""",,,,,,,
EyV_vA1HI58,0,10," ""/m/03qc9zr""",,,,,,,
F48YiwQh5Ho,2,12," ""/m/03qc9zr""",,,,,,,
F65g3YV_kVY,0,10," ""/m/03qc9zr""",,,,,,,
FDX_u1Y2e4I,180,190," ""/m/03qc9zr","/m/0jbk""",,,,,,
FG9_-vCAG8g,130,140," ""/m/03qc9zr","/m/09x0r""",,,,,,
FGmnvI-0VNw,10,20," ""/m/03qc9zr","/m/09x0r""",,,,,,
FIPu0jd8I28,30,40," ""/m/03qc9zr",/m/04rlf,"/m/09x0r""",,,,,
FX31Kwzp9gY,0,10," ""/m/03qc9zr","/m/07rrlb6""",,,,,,
Fc8MQr1laIY,430,440," ""/m/03qc9zr","/m/04rlf""",,,,,,
FegpbrOw14k,30,40," ""/m/03qc9zr","/m/09x0r""",,,,,,
FfQNrX5p6s0,500,510," ""/m/03qc9zr",/m/09x0r,"/m/0ytgt""",,,,,
Flg0_TKSraQ,26,36," ""/m/03qc9zr","/m/04rlf""",,,,,,
Fm5qMu2CBbA,160,170," ""/m/03qc9zr","/m/0jbk""",,,,,,
Fqw2Hf-74FQ,20,30," ""/m/03qc9zr","/m/04rlf""",,,,,,
FrMqnic0t7E,0,4," ""/m/03qc9zr","/m/04rlf""",,,,,,
FuIU4qtoKfw,230,240," ""/m/03qc9zr","/m/09x0r""",,,,,,
FwjZ2_87y1k,22,32," ""/m/03qc9zr",/m/04rlf,"/m/09x0r""",,,,,
G17hV80nbAg,5,15," ""/m/03qc9zr",/m/04rlf,"/m/09x0r""",,,,,
G3KeWRJYHiU,80,90," ""/m/03qc9zr""",,,,,,,
GD4H4KcRnBI,30,40," ""/m/03qc9zr""",,,,,,,
GEOvdsvnnIM,0,10," ""/m/03qc9zr","/m/09x0r""",,,,,,
GFjKyqup1no,40,50," ""/m/03qc9zr""",,,,,,,
GG2JZbsl3gU,10,20," ""/m/03qc9zr",/m/04rlf,"/m/09x0r""",,,,,
GIrVnZXUgro,30,40," ""/m/01jnbd",/m/03qc9zr,"/m/09x0r""",,,,,
GJVUQpWsNaY,0,10," ""/m/03qc9zr","/m/09x0r""",,,,,,
GJbTRr4XPh4,0,10," ""/m/03qc9zr","/m/09x0r""",,,,,,
GM60-yP5nxk,30,40," ""/m/03qc9zr",/m/07qfr4h,"/m/09x0r""",,,,,
GMC68u2LS0A,16,26," ""/m/03qc9zr","/m/04rlf""",,,,,,
GMqftVa3kwk,0,10," ""/m/03fwl",/m/03qc9zr,"/m/0jbk""",,,,,
GRtAwz4cU_8,260,270," ""/m/03qc9zr","/m/0ytgt""",,,,,,
GUsI_2tYVYM,29,39," ""/m/03qc9zr",/m/03qtwd,/m/07qfr4h,"/m/09x0r""",,,,
GYTMBRhtj10,60,70," ""/m/03qc9zr","/m/0ytgt""",,,,,,
GZS-UcdFfw8,380,390," ""/m/03qc9zr","/m/07s04w4""",,,,,,
G_-3oPXHjLI,70,80," ""/m/03qc9zr","/t/dd00125""",,,,,,
GhHgQwxW6cw,0,8," ""/m/03qc9zr""",,,,,,,
Gj5QFxOPgtU,0,10," ""/m/03qc9zr",/m/09x0r,"/m/0ytgt""",,,,,
Gk5Ey5icX5k,0,6," ""/m/03qc9zr""",,,,,,,
GkEApzQSXWI,50,60," ""/m/03qc9zr","/m/09x0r""",,,,,,
GqTExeZqXzw,20,30," ""/m/03qc9zr""",,,,,,,
Gr-nLNvR7ro,220,230," ""/m/03qc9zr""",,,,,,,
H57jbZlMoZ0,50,60," ""/m/03qc9zr","/m/09x0r""",,,,,,
HIv0eu9Q6lE,0,9," ""/m/03qc9zr","/m/09x0r""",,,,,,
HTa2IDI3_6s,260,270," ""/m/03qc9zr""",,,,,,,
H__wRhX66pc,30,40," ""/m/03qc9zr","/m/09x0r""",,,,,,
HaIQWATIkZo,20,30," ""/m/03qc9zr""",,,,,,,
HcKs8qp4wW4,0,10," ""/m/03qc9zr",/m/09x0r,"/m/0ytgt""",,,,,
HeCJl4RmJNk,30,40," ""/m/03qc9zr",/m/04rlf,"/m/09x0r""",,,,,
Hs0Bk6UuhKk,60,70," ""/m/03qc9zr","/m/0ytgt""",,,,,,
HsPHn0Mk8mk,350,360," ""/m/03qc9zr","/m/09x0r""",,,,,,
Hu18136at0Y,30,40," ""/m/03qc9zr",/m/03qtwd,"/m/053hz1""",,,,,
HxlsfoSrHZE,20,30," ""/m/03fwl",/m/03qc9zr,"/m/0jbk""",,,,,
I1WYt6wqzVY,120,130," ""/m/03qc9zr","/m/09x0r""",,,,,,
I1jMSqE_VkQ,130,140," ""/m/03qc9zr",/m/09x0r,"/m/0ytgt""",,,,,
I3tsPWybQRI,30,40," ""/m/03qc9zr","/m/09x0r""",,,,,,
I4rNYfSJUUA,170,180," ""/m/03qc9zr",/m/09x0r,/t/dd00125,"/t/dd00129""",,,,
I9GLG8Bh5dE,30,40," ""/m/03qc9zr","/m/09x0r""",,,,,,
IAXQeg7IkHI,40,50," ""/m/03qc9zr""",,,,,,,
IDYbZp8oy3c,20,30," ""/m/03qc9zr","/m/09x0r""",,,,,,
ILppCQ1jeTw,30,40," ""/m/03qc9zr""",,,,,,,
IU-iDMqqOHU,470,480," ""/m/03qc9zr",/m/09x0r,/t/dd00125,"/t/dd00128""",,,,
IYFHq9EOmp0,520,530," ""/m/03qc9zr""",,,,,,,
Ia6KVduOj8w,160,170," ""/m/03qc9zr","/m/09x0r""",,,,,,
IdenFdkeASo,0,10," ""/m/03fwl",/m/03qc9zr,"/m/0jbk""",,,,,
IlerPjXtNyU,40,50," ""/m/03qc9zr","/m/0ytgt""",,,,,,
Iqk-9sRpPug,50,60," ""/m/03qc9zr",/m/03qtwd,"/m/053hz1""",,,,,
IuiWH2tv-OE,80,90," ""/m/03qc9zr","/m/09x0r""",,,,,,
J4f_cRMAZiU,190,200," ""/m/03qc9zr","/m/09x0r""",,,,,,
J6HlnT4I7bA,20,30," ""/m/03fwl",/m/03qc9zr,/m/09x0r,"/m/0jbk""",,,,
J94JtppGqTk,30,40," ""/m/03qc9zr",/m/04rlf,/m/07pdhp0,/m/09x0r,"/m/0c1dj""",,,
J9gxk_xg6No,220,230," ""/m/03qc9zr""",,,,,,,
JB6Xc3OqUpM,70,80," ""/m/03qc9zr""",,,,,,,
JDYJhEyk3Gk,0,7," ""/m/03qc9zr","/m/07bgp""",,,,,,
JIGVl0bSro8,100,110," ""/m/01bjv",/m/03qc9zr,/m/07sr1lc,/m/07yv9,"/m/09x0r""",,,
JIPAyQ07NjM,0,10," ""/m/03qc9zr""",,,,,,,
JJQWipGaPpg,120,130," ""/m/03qc9zr""",,,,,,,
JNsG1IJDY6Y,0,6," ""/m/03qc9zr","/m/04rlf""",,,,,,
JOio_mntPcE,0,10," ""/m/03qc9zr""",,,,,,,
JTxVzRc452w,9,19," ""/m/03qc9zr","/m/04rlf""",,,,,,
Jmrgq0CPzVA,0,10," ""/m/03qc9zr","/m/09x0r""",,,,,,
JshpkM-DuoY,20,30," ""/m/03qc9zr","/m/09x0r""",,,,,,
JvzuFgucPK0,26,36," ""/m/03qc9zr""",,,,,,,
JwK0EVPs3mE,0,3," ""/m/03qc9zr""",,,,,,,
JwgIKb-5dD4,4,14," ""/m/03qc9zr""",,,,,,,
K0korwnQLa0,10,20," ""/m/03qc9zr",/m/04rlf,"/m/09x0r""",,,,,
K1mN4X98Hkc,110,120," ""/m/03qc9zr","/m/09x0r""",,,,,,
K6PAT-Twjwo,430,440," ""/m/03qc9zr","/m/04rlf""",,,,,,
KF3DQrES6Mc,30,40," ""/m/03qc9zr""",,,,,,,
KHldCbhS9Pw,20,30," ""/m/03qc9zr""",,,,,,,
KMixx_7pW8Y,520,530," ""/m/02cz_7",/m/03qc9zr,/m/09x0r,"/m/0y4f8""",,,,
K_RPo0CkDI4,40,50," ""/m/03qc9zr""",,,,,,,
KaDNaBWcn-w,210,220," ""/m/03qc9zr""",,,,,,,
Kb0jpQ-2bhQ,30,40," ""/m/03qc9zr","/m/04rlf""",,,,,,
Kb6Mo2fDiFE,30,40," ""/m/03qc9zr",/m/0463cq4,/m/09x0r,"/m/0ytgt""",,,,
KtSj2b3CfGc,0,7," ""/m/03qc9zr""",,,,,,,
KyGw1emvshs,10,20," ""/m/03qc9zr","/m/09x0r""",,,,,,
KyRActRVYPw,30,40," ""/m/03qc9zr","/m/04rlf""",,,,,,
L-SKBowUGv0,20,30," ""/m/03qc9zr","/m/04rlf""",,,,,,
L0Oxu55Kxmk,0,10," ""/m/03qc9zr","/m/09x0r""",,,,,,
L3XwAtXgvZQ,30,40," ""/m/03qc9zr","/m/09x0r""",,,,,,
LAEY1FdokEs,70,80," ""/m/03qc9zr",/m/09x0r,"/m/0ytgt""",,,,,
LAkjH7jSEVc,80,90," ""/m/03qc9zr",/m/09x0r,"/m/0jbk""",,,,,
LDxjSL1hGYg,30,40," ""/m/03qc9zr","/m/09x0r""",,,,,,
LEG3W27ToLg,0,9," ""/m/03qc9zr""",,,,,,,
LFfJ0bc8V1M,0,3," ""/m/03qc9zr""",,,,,,,
LGWFkv9jxDk,50,60," ""/m/03qc9zr""",,,,,,,
LHbvVnlLNu0,200,210," ""/m/03qc9zr","/m/09x0r""",,,,,,
LHwxKe2Ck9A,0,10," ""/m/03qc9zr",/m/09x0r,"/m/0ytgt""",,,,,
LQ6ZHRiQPoI,0,10," ""/m/03qc9zr","/m/0c1dj""",,,,,,
LT66bDcdblg,15,25," ""/m/03qc9zr","/m/09x0r""",,,,,,
LXD4fYFUKSA,80,90," ""/m/03qc9zr","/m/09x0r""",,,,,,
LY90s5AgkWM,2,12," ""/m/03qc9zr""",,,,,,,
LYiF2x_Hbik,0,10," ""/m/03qc9zr","/m/0c1dj""",,,,,,
LZqIREMh0ss,30,40," ""/m/03qc9zr","/m/04rlf""",,,,,,
LamDftEb9WQ,30,40," ""/m/03qc9zr","/m/09x0r""",,,,,,
Lci309gvTfw,430,440," ""/m/03qc9zr","/m/09x0r""",,,,,,
LdwAcWWj2XU,120,130," ""/m/03qc9zr",/m/04rlf,"/m/09x0r""",,,,,
LgOZjFJXmCY,10,20," ""/m/03qc9zr",/m/04rlf,"/m/09x0r""",,,,,
LmDCHT1SqGE,30,40," ""/m/03qc9zr""",,,,,,,
LmFYo8STHdE,30,40," ""/m/01j3sz",/m/03qc9zr,/m/04rlf,"/m/09x0r""",,,,
LqvKdoQtmxA,30,40," ""/m/03qc9zr","/m/09x0r""",,,,,,
M-V_k_UfP7c,0,10," ""/m/03qc9zr""",,,,,,,
MAMgSrO8CR4,180,190," ""/m/03qc9zr""",,,,,,,
MStmROOpspI,0,3," ""/m/03qc9zr","/m/04rlf""",,,,,,
MY6vm2_PjC0,210,220," ""/m/03qc9zr",/m/04rlf,"/m/07pjjrj""",,,,,
Mat73jPIxFw,130,140," ""/m/03qc9zr""",,,,,,,
MgYhNXSKJSY,120,130," ""/m/03qc9zr",/m/04rlf,/m/09x0r,/t/dd00126,"/t/dd00129""",,,
Mgh78_iXT9g,0,10," ""/m/03qc9zr","/m/09x0r""",,,,,,
Mln0mA-PCSo,30,40," ""/m/03qc9zr",/m/04rlf,"/m/09x0r""",,,,,
Mn3qROqDwgI,30,40," ""/m/03qc9zr","/m/09x0r""",,,,,,
MoyaAYkhhuU,70,80," ""/m/028v0c",/m/03qc9zr,/m/09x0r,"/t/dd00125""",,,,
MwMky2YsdqM,30,40," ""/m/03qc9zr""",,,,,,,
N0nid5as9rU,30,40," ""/m/03qc9zr","/m/09x0r""",,,,,,
N0sZUYPmDCs,270,280," ""/m/03qc9zr","/m/09x0r""",,,,,,
N2-i-Vv3fMA,170,180," ""/m/03qc9zr","/m/04rlf""",,,,,,
N2ttrM3FlcQ,0,3," ""/m/03qc9zr""",,,,,,,
NDMxZ7G4yGg,3,13," ""/m/03qc9zr","/m/0jbk""",,,,,,
NF_ddEkzpYM,30,40," ""/m/03qc9zr","/m/09x0r""",,,,,,
NGLwQkvas04,30,40," ""/m/03qc9zr",/m/09x0r,"/m/0ytgt""",,,,,
NKMb5_sAkxc,50,60," ""/m/01j3sz",/m/03qc9zr,"/m/09x0r""",,,,,
NLQPr_uK8lg,30,40," ""/m/03qc9zr",/m/04rlf,"/m/09x0r""",,,,,
NN7NhUjXm9A,10,20," ""/m/03qc9zr","/m/03qtwd""",,,,,,
NNlDoABVSQQ,50,60," ""/m/03qc9zr","/m/09x0r""",,,,,,
NP7SfpcsVhE,17,27," ""/m/03qc9zr","/m/09x0r""",,,,,,
NXzU_2lYyLE,20,30," ""/m/03qc9zr""",,,,,,,
NZjpOywyS-s,270,280," ""/m/03qc9zr","/m/09x0r""",,,,,,
NbAqG_aJyeE,10,20," ""/m/03qc9zr""",,,,,,,
Nbrnjd-v1aE,5,15," ""/m/03qc9zr""",,,,,,,
NfTZpYRrBXU,20,30," ""/m/03qc9zr""",,,,,,,
NuUKMl--ODY,520,530," ""/m/03qc9zr",/m/04rlf,/m/09x0r,"/t/dd00125""",,,,
NvOKOm1qumA,110,120," ""/m/03qc9zr",/m/04rlf,"/m/09x0r""",,,,,
O5mYOyhTLDo,0,10," ""/m/03qc9zr",/m/09x0r,"/t/dd00128""",,,,,
O8W1_irDftg,10,20," ""/m/03qc9zr","/m/09x0r""",,,,,,
OBzy1bb2Guc,30,40," ""/m/03qc9zr",/m/03qtwd,/m/09x0r,"/m/0c1dj""",,,,
OESJr8gauYg,30,40," ""/m/03qc9zr","/m/09x0r""",,,,,,
OOpm4pZFeVM,0,10," ""/m/03qc9zr",/m/09x0r,"/m/0g6b5""",,,,,
OQtlwXlY_uY,80,90," ""/m/03qc9zr","/m/04rlf""",,,,,,
OTk4P465UuE,0,10," ""/m/03qc9zr","/m/04rlf""",,,,,,
OaeiEHPc1RE,20,30," ""/m/03qc9zr","/m/09x0r""",,,,,,
Oc_oaRihbAY,40,50," ""/m/03qc9zr""",,,,,,,
OiTicO257Dw,30,40," ""/m/015lz1",/m/03lty,/m/03qc9zr,"/m/04rlf""",,,,
OjsCExseVOU,230,240," ""/m/03qc9zr","/m/09x0r""",,,,,,
OnQCWZ755-M,29,39," ""/m/03qc9zr",/m/04rlf,"/m/09x0r""",,,,,
Oq1b-6KVP48,30,40," ""/m/015lz1",/m/03lty,/m/03qc9zr,"/m/04rlf""",,,,
OtTKt5--3jo,70,80," ""/m/03qc9zr",/m/09x0r,"/t/dd00125""",,,,,
P1Y5fIwe6PQ,160,170," ""/m/03qc9zr""",,,,,,,
P438DU17NaQ,0,7," ""/m/03qc9zr",/m/07q0h5t,"/m/09x0r""",,,,,
P8pI9DBiG1Q,0,7," ""/m/03qc9zr","/m/09x0r""",,,,,,
PEq451jdD4A,40,50," ""/m/03qc9zr",/m/0463cq4,"/m/09x0r""",,,,,
PK6oyEHpR-4,220,230," ""/m/03qc9zr""",,,,,,,
PMsGYE3Dn0E,170,180," ""/m/03qc9zr""",,,,,,,
PO2YMrgcqNc,30,40," ""/m/03qc9zr","/m/04rlf""",,,,,,
PRMVYsDTgzY,20,30," ""/m/03qc9zr",/m/07yv9,"/m/09x0r""",,,,,
PR_-hLTo7HU,0,10," ""/m/03qc9zr",/m/09x0r,/m/0ytgt,"/t/dd00125""",,,,
PTZXU780Egk,30,40," ""/m/03qc9zr""",,,,,,,
Pdau8nsBqxs,80,90," ""/m/03qc9zr",/m/09x0r,"/t/dd00125""",,,,,
Pq5v4xs0KCU,1,11," ""/m/03qc9zr",/m/04rlf,"/m/09x0r""",,,,,
Prw2qAwHbtM,30,40," ""/m/03qc9zr","/m/05tny_""",,,,,,
PsSnVSzlOpU,40,50," ""/m/03qc9zr","/m/09x0r""",,,,,,
PsgXRv8hZl0,30,40," ""/m/01jnbd",/m/03qc9zr,/m/04rlf,"/m/09x0r""",,,,
PxGrPwR4aMs,30,40," ""/m/03qc9zr",/m/0463cq4,"/m/09x0r""",,,,,
PxZln88m1bQ,0,10," ""/m/03qc9zr",/m/09x0r,"/t/dd00125""",,,,,
Py7uvSkXJec,290,300," ""/m/03qc9zr",/m/06_fw,"/m/09x0r""",,,,,
Q1kuMi0l1eg,0,10," ""/m/03qc9zr",/m/04rlf,"/m/09x0r""",,,,,
Q3CF8gt67kc,0,10," ""/m/03qc9zr",/m/07pp8cl,"/m/09x0r""",,,,,
Q3IscgMGI-Q,40,50," ""/m/03qc9zr""",,,,,,,
Q43A1vfe8Ro,40,50," ""/m/03qc9zr","/m/09x0r""",,,,,,
Q5JjkzAjmo0,140,150," ""/m/03qc9zr","/m/09x0r""",,,,,,
Q5w-SEdbSPQ,280,290," ""/m/03qc9zr""",,,,,,,
QB2kvbwfKqs,6,16," ""/m/03qc9zr","/m/09x0r""",,,,,,
QBxcSmVzRmU,30,40," ""/m/03qc9zr",/m/04rlf,"/m/07s2xch""",,,,,
QDGnB6tufyQ,80,90," ""/m/03qc9zr","/m/09x0r""",,,,,,
QDcZvf5zceM,40,50," ""/m/03qc9zr","/m/09x0r""",,,,,,
QFLBjEYbNtg,16,26," ""/m/03qc9zr","/m/04rlf""",,,,,,
QHdnYnZ6AgA,120,130," ""/m/03qc9zr""",,,,,,,
QIQOODNCaJk,0,6," ""/m/03qc9zr""",,,,,,,
QJDTh3wjfQo,210,220," ""/m/03qc9zr",/m/04rlf,"/m/09x0r""",,,,,
QKEJyucUmTI,140,150," ""/m/03qc9zr","/m/09x0r""",,,,,,
QLbqO2rOzVI,570,580," ""/m/01j3sz",/m/03qc9zr,/m/07s04w4,"/m/09x0r""",,,,
QNQVmbGQDEw,50,60," ""/m/03qc9zr",/m/04rlf,"/m/09x0r""",,,,,
QR2Pgm1ca60,30,40," ""/m/03qc9zr",/m/04rlf,"/m/09x0r""",,,,,
QRXgmXxVW44,200,210," ""/m/03qc9zr",/m/09x0r,"/m/0ytgt""",,,,,
QWV1uzmQUME,17,27," ""/m/03qc9zr",/m/04rlf,/m/068hy,/m/09x0r,"/m/0jbk""",,,
QaFvrx3r8k4,0,10," ""/m/03qc9zr""",,,,,,,
Qdc34pib8rI,50,60," ""/m/03qc9zr","/m/09x0r""",,,,,,
QgpnBzutq1A,70,80," ""/m/03qc9zr""",,,,,,,
QqutMeGA5es,40,50," ""/m/03qc9zr""",,,,,,,
QwmyaTTlGvE,30,40," ""/m/03qc9zr""",,,,,,,
R1a954587u4,0,10," ""/m/03qc9zr","/m/09x0r""",,,,,,
RAdHUi4vqb8,10,20," ""/m/03qc9zr""",,,,,,,
RBnxI5h4O5I,10,20," ""/m/03qc9zr","/m/07qz6j3""",,,,,,
RG0GepmPYew,230,240," ""/m/03qc9zr","/m/09x0r""",,,,,,
RIBa5WJgRBo,0,10," ""/m/02_nn",/m/03qc9zr,"/m/09x0r""",,,,,
RIHGSvHuK1I,20,30," ""/m/03qc9zr","/m/04rlf""",,,,,,
RJ9QIXwDJAQ,0,10," ""/m/03qc9zr",/m/04rlf,"/m/09x0r""",,,,,
RMsqMhneVl4,10,20," ""/m/015lz1",/m/03qc9zr,"/m/04rlf""",,,,,
ROJ1PJrZidM,20,30," ""/m/03qc9zr""",,,,,,,
RRRRP0HCyGQ,30,40," ""/m/03qc9zr","/m/09x0r""",,,,,,
RoiA7OuNqSc,30,40," ""/m/03qc9zr""",,,,,,,
RuiDoeScg8g,30,40," ""/m/03qc9zr",/m/04rlf,"/m/09x0r""",,,,,
RvPyzHomg7M,0,10," ""/m/03qc9zr","/m/07s2xch""",,,,,,
Rvtcyj2yclE,0,10," ""/m/03qc9zr""",,,,,,,
RypJnfOIn9g,30,40," ""/m/03qc9zr","/m/0ytgt""",,,,,,
S7RNZmSdDlE,0,10," ""/m/03qc9zr","/m/09x0r""",,,,,,
SGbADBnqIfk,0,9," ""/m/03qc9zr",/m/04rlf,/m/07bgp,"/m/07q0h5t""",,,,
SM40JQTsQR8,0,8," ""/m/03qc9zr""",,,,,,,
SS74baT2J9M,30,40," ""/m/03qc9zr""",,,,,,,
SSqKzKxPGjE,30,40," ""/m/03qc9zr","/m/04rlf""",,,,,,
SUW4z-GuuaE,20,30," ""/m/03qc9zr",/m/04rlf,"/m/07c52""",,,,,
SW-12VH0mD0,10,20," ""/m/03qc9zr","/m/04rlf""",,,,,,
ScetXKaIz68,150,160," ""/m/03qc9zr",/m/04rlf,"/m/09x0r""",,,,,
ShK1-OLPJqA,50,60," ""/m/03qc9zr""",,,,,,,
ShZniY3UB_g,30,40," ""/m/03qc9zr","/m/09x0r""",,,,,,
SiX-xhdaAlQ,60,70," ""/m/03qc9zr","/m/09x0r""",,,,,,
Sksf0eh0MSc,0,10," ""/m/01bjv",/m/03qc9zr,/m/07yv9,/m/0838f,"/m/09x0r""",,,
SoQH4LRrHfI,280,290," ""/m/03qc9zr""",,,,,,,
SpHsWjLQKP8,30,40," ""/m/03qc9zr","/m/09x0r""",,,,,,
SyEVBFw_9oE,120,130," ""/m/03qc9zr",/m/04rlf,"/m/09x0r""",,,,,
Szx_bifnnYM,0,10," ""/m/03qc9zr","/m/09x0r""",,,,,,
T-AN31N4LD0,50,60," ""/m/03qc9zr","/m/09x0r""",,,,,,
T42NJA_H9mo,60,70," ""/m/03qc9zr","/m/09x0r""",,,,,,
TAK6Z4aVRpo,60,70," ""/m/03qc9zr","/m/09x0r""",,,,,,
TF0GOg463JA,16,26," ""/m/03qc9zr""",,,,,,,
TGFaJ09UCb0,0,10," ""/m/03qc9zr",/m/09x0r,"/m/0ytgt""",,,,,
TGLRVVyQ1WQ,0,8," ""/m/03qc9zr""",,,,,,,
THe0X8VeNbs,100,110," ""/m/03qc9zr","/m/09x0r""",,,,,,
TO_AMuDDLmk,30,40," ""/m/03qc9zr","/m/09x0r""",,,,,,
TP-UZhOjxoo,180,190," ""/m/03qc9zr","/m/09x0r""",,,,,,
TPPU874f3Ps,21,31," ""/m/03qc9zr","/m/0c1dj""",,,,,,
TRuWw52s8k4,430,440," ""/m/03qc9zr""",,,,,,,
TU7Ym38TCtY,22,32," ""/m/03qc9zr""",,,,,,,
Tc_sojS9nmI,130,140," ""/m/01j3sz",/m/03qc9zr,"/m/09x0r""",,,,,
ThWk-DFLmeU,80,90," ""/m/03qc9zr",/m/03qtwd,"/m/04rlf""",,,,,
TlFSjfGa5Bc,170,180," ""/m/03qc9zr""",,,,,,,
TmD5tGGmoQQ,90,100," ""/m/03qc9zr","/m/09x0r""",,,,,,
TsSr6RecQOk,40,50," ""/m/03qc9zr""",,,,,,,
Tvd6wM5XD4A,30,40," ""/m/03qc9zr","/m/09x0r""",,,,,,
Ty_Zw3aSdOc,0,10," ""/m/03qc9zr""",,,,,,,
U1xwMaMV3w0,170,180," ""/m/03qc9zr""",,,,,,,
U4ntX7yBRlM,30,40," ""/m/03qc9zr","/m/0ytgt""",,,,,,
UDeuGL0J6d0,520,530," ""/m/03qc9zr",/m/09x0r,"/m/0ytgt""",,,,,
UJEZK5o_L5Q,0,10," ""/m/03qc9zr","/m/09x0r""",,,,,,
UNadCiXCqZY,30,40," ""/m/03qc9zr","/m/09x0r""",,,,,,
UO4ZHFjfrQk,10,20," ""/m/03fwl",/m/03qc9zr,/m/04rlf,"/m/0jbk""",,,,
UWftKt2tkNM,70,80," ""/m/03qc9zr","/m/09x0r""",,,,,,
UZsGXcoyPMw,5,15," ""/m/03qc9zr","/m/09x0r""",,,,,,
Ui-1VroxUbA,50,60," ""/m/03qc9zr","/m/04rlf""",,,,,,
Uic97LJxcME,22,32," ""/m/03qc9zr","/m/09x0r""",,,,,,
Uk1uvJVb02c,0,10," ""/m/03qc9zr""",,,,,,,
UkVs3eGDF_c,30,40," ""/m/03qc9zr","/m/09x0r""",,,,,,
UkZT7iX9yuI,80,90," ""/m/03qc9zr""",,,,,,,
UoS025VyLpU,80,90," ""/m/03qc9zr",/m/04rlf,/m/09x0r,"/t/dd00125""",,,,
UuQ52wKceE0,90,100," ""/m/03qc9zr","/m/09x0r""",,,,,,
UxR3rUmD4Io,30,40," ""/m/03qc9zr""",,,,,,,
UyKTWjb4jZ0,20,30," ""/m/03qc9zr",/m/09x0r,"/m/0ytgt""",,,,,
VCZy_eUnpwo,0,10," ""/m/03qc9zr",/m/07r660_,/m/09x0r,"/t/dd00125""",,,,
VEMeAi8sB0Y,30,40," ""/m/03qc9zr","/m/04rlf""",,,,,,
VEjFGXB6mjs,270,280," ""/m/03qc9zr""",,,,,,,
VICRPkhC4BY,60,70," ""/m/03qc9zr",/m/09x0r,"/m/0ytgt""",,,,,
VIWymwz2kcw,40,50," ""/m/03qc9zr","/m/09x0r""",,,,,,
VJjNx2jltIA,40,50," ""/m/03qc9zr","/m/04rlf""",,,,,,
VK_HtrS3uVs,10,20," ""/m/03qc9zr""",,,,,,,
VLcLq4531tc,10,20," ""/m/03qc9zr""",,,,,,,
VVcdq2IRpAE,40,50," ""/m/03qc9zr""",,,,,,,
VYTGfbCcogo,0,10," ""/m/03qc9zr",/m/04rlf,"/m/09x0r""",,,,,
VbTVIoTjM7U,220,230," ""/m/03qc9zr""",,,,,,,
Vi1iTDV2CTo,300,310," ""/m/03qc9zr","/m/09x0r""",,,,,,
VmSwRj6lqyY,0,10," ""/m/03qc9zr""",,,,,,,
VrXT9kOn2Is,0,10," ""/m/03qc9zr","/m/09x0r""",,,,,,
VrrKwJGBV_c,20,30," ""/m/03qc9zr","/m/09x0r""",,,,,,
Vu1ljyGn_xs,360,370," ""/m/03qc9zr""",,,,,,,
VuiibYy6z_k,10,20," ""/m/03qc9zr","/m/09x0r""",,,,,,
W-CwUhhYa6Y,0,6," ""/m/03qc9zr",/m/068hy,/m/0bt9lr,"/m/0jbk""",,,,
W09-xl4SEnI,10,20," ""/m/03qc9zr""",,,,,,,
W1q1TEJ36Zg,10,20," ""/m/03qc9zr","/m/09x0r""",,,,,,
W3a-86LNTok,0,2," ""/m/03qc9zr""",,,,,,,
W4s5onWveBo,0,10," ""/m/03qc9zr","/m/09x0r""",,,,,,
W69szvFyP1I,0,10," ""/m/03qc9zr","/m/04rlf""",,,,,,
WDteDZiNL5U,10,20," ""/m/03qc9zr",/m/07rrh0c,"/m/09x0r""",,,,,
WFfkEBERZz4,490,500," ""/m/03qc9zr""",,,,,,,
WK3LBMTcYxA,60,70," ""/m/03qc9zr",/m/05zppz,/m/09x0r,"/m/0ytgt""",,,,
WM68n2vCHiE,340,350," ""/m/03qc9zr","/m/09x0r""",,,,,,
Wd6PT8nvXQ4,130,140," ""/m/03qc9zr""",,,,,,,
WeIhCQe9imc,20,30," ""/m/03qc9zr""",,,,,,,
Whqa3SSFusA,160,170," ""/m/03qc9zr",/m/09x0r,"/m/0ytgt""",,,,,
Wq4Gp9Ux8zU,0,10," ""/m/03qc9zr""",,,,,,,
WtXoy0zuaR0,90,100," ""/m/03qc9zr","/m/09x0r""",,,,,,
WvQSM_WfwQE,20,30," ""/m/03qc9zr","/m/04rlf""",,,,,,
X0ML02sw2d8,60,70," ""/m/03qc9zr","/m/09x0r""",,,,,,
X25-TNDbmRI,30,40," ""/m/03qc9zr",/m/09x0r,"/t/dd00002""",,,,,
XDlWtJKn7Ls,30,40," ""/m/03qc9zr","/m/09x0r""",,,,,,
XF-dkAiAKnc,480,490," ""/m/03qc9zr","/m/04rlf""",,,,,,
XFt8Mi6FGRA,7,17," ""/m/03qc9zr""",,,,,,,
XFyEl1F9udY,70,80," ""/m/03qc9zr",/m/04rlf,/m/07r660_,"/m/09x0r""",,,,
XGV15gn-nOs,100,110," ""/m/03qc9zr","/m/09x0r""",,,,,,
XHSf6GwjANc,590,600," ""/m/01j3sz",/m/03qc9zr,/m/04rlf,/m/07s04w4,/m/09x0r,"/m/0ytgt""",,
XQ3Bv5K5UCY,100,110," ""/m/03fwl",/m/03qc9zr,"/m/09x0r""",,,,,
XV6TJSY6bYM,10,20," ""/m/03qc9zr""",,,,,,,
XVowuyAe-PQ,0,10," ""/m/03qc9zr""",,,,,,,
XWKA5N0v1PU,0,10," ""/m/03qc9zr""",,,,,,,
XYo7s6oTWj8,0,10," ""/m/03qc9zr","/m/04rlf""",,,,,,
XcfGBL2XkmE,40,50," ""/m/03qc9zr",/m/04rlf,"/m/09x0r""",,,,,
Xe2C-3p0CIg,100,110," ""/m/03qc9zr","/m/09x0r""",,,,,,
XjGiiesddM4,50,60," ""/m/0342h",/m/03qc9zr,/m/04rlf,/m/04szw,"/m/0fx80y""",,,
XmDV5oygV3w,50,60," ""/m/03qc9zr","/m/09x0r""",,,,,,
XoXRprEPysE,4,14," ""/m/03qc9zr""",,,,,,,
XotekkYPv6A,170,180," ""/m/03qc9zr","/m/09x0r""",,,,,,
Xy9ZknWPyg4,10,20," ""/m/03qc9zr""",,,,,,,
XyDwFEw4Liw,0,6," ""/m/03qc9zr","/m/04rlf""",,,,,,
Y4KAkfJBznM,10,20," ""/m/03qc9zr","/m/07s04w4""",,,,,,
Y6lkU_RH3mo,30,40," ""/m/01j3sz",/m/03qc9zr,/m/09x0r,"/m/0ytgt""",,,,
YAl7d8jJJaU,340,350," ""/m/03qc9zr""",,,,,,,
YCvOvWQjUuw,50,60," ""/m/015p6",/m/03qc9zr,/m/07qz6j3,/m/09b5t,"/m/0ch8v""",,,
YGwFLhYPtMc,350,360," ""/m/03qc9zr","/m/09x0r""",,,,,,
YJyd_EAqPqU,30,40," ""/m/03qc9zr","/m/04rlf""",,,,,,
YK9dFkJhtZI,230,240," ""/m/03qc9zr""",,,,,,,
YPo6QClAY3U,20,30," ""/m/03qc9zr""",,,,,,,
YQsxFOezia4,80,90," ""/m/03qc9zr""",,,,,,,
YTvcJaj4MYw,30,40," ""/m/03qc9zr","/m/09x0r""",,,,,,
YfF7T4GfrnQ,330,340," ""/m/03qc9zr""",,,,,,,
Yiw8ec6lMD8,40,50," ""/m/03qc9zr""",,,,,,,
Yo9Yo6u6uZw,20,30," ""/m/03qc9zr","/m/09x0r""",,,,,,
Yq0COYaCd10,0,4," ""/m/03qc9zr","/m/09x0r""",,,,,,
YsxXIExMnEU,30,40," ""/m/03qc9zr","/m/09x0r""",,,,,,
Z6bB61fJTtI,30,40," ""/m/03qc9zr","/t/dd00125""",,,,,,
ZEpszNq3ULU,290,300," ""/m/03qc9zr""",,,,,,,
ZFNoJi4JsS8,30,40," ""/m/03qc9zr",/m/04rlf,"/m/09x0r""",,,,,
ZGo0S2CF2NA,60,70," ""/m/03qc9zr",/m/04rlf,"/m/09x0r""",,,,,
ZHrf_y9q96Q,20,30," ""/m/03qc9zr","/m/09x0r""",,,,,,
ZPAY71_lrEk,0,10," ""/m/03qc9zr",/m/04rlf,/m/07yv9,"/m/0k4j""",,,,
ZZchMibILHg,10,20," ""/m/03qc9zr",/m/0463cq4,/m/09x0r,"/m/0ytgt""",,,,
ZalOtRf7ZsU,520,530," ""/m/03qc9zr","/m/09x0r""",,,,,,
ZdS71GVTAOo,120,130," ""/m/02lkt",/m/03qc9zr,/m/04rlf,/m/07s72n,"/m/09x0r""",,,
Zfe0sVCKQaA,20,30," ""/m/03qc9zr","/m/04rlf""",,,,,,
ZgotRSJmIGQ,110,120," ""/m/03qc9zr",/m/09x0r,"/t/dd00128""",,,,,
ZhC3xSqtazU,13,23," ""/m/03qc9zr","/m/04rlf""",,,,,,
Zk435Fd5TMA,210,220," ""/m/03qc9zr",/m/09x0r,"/t/dd00125""",,,,,
ZlOXIgq3_sc,110,120," ""/m/03qc9zr","/m/09x0r""",,,,,,
ZtPyLUkbWs4,340,350," ""/m/03qc9zr","/m/09x0r""",,,,,,
Zz74xjBKvmE,550,560," ""/m/03qc9zr","/m/09x0r""",,,,,,
_1JL0dL_h68,30,40," ""/m/03lty",/m/03qc9zr,/m/04rlf,/m/05r6t,/m/06by7,"/m/0dl5d""",,
_1W5qOZAjC8,30,40," ""/m/03qc9zr",/m/04rlf,/m/07qfr4h,"/m/09x0r""",,,,
_8gDltDuTwk,180,190," ""/m/03qc9zr""",,,,,,,
_BmU3uMvy6M,50,60," ""/m/03qc9zr""",,,,,,,
_DOSm1vFxVE,0,10," ""/m/03qc9zr",/m/09x0r,"/m/0ytgt""",,,,,
_LyX0W1PAgw,500,510," ""/m/01j3sz",/m/03qc9zr,/m/04rlf,/m/09x0r,"/m/0ytgt""",,,
_NMGrV9Y7Sg,30,40," ""/m/03qc9zr","/m/09x0r""",,,,,,
_OAmHm2hHGk,0,10," ""/m/03qc9zr",/m/04rlf,"/m/09x0r""",,,,,
_QMEw67gWIA,0,10," ""/m/03qc9zr""",,,,,,,
_TLzbbay6Hw,0,2," ""/m/03qc9zr""",,,,,,,
_XPPISqmXSE,40,50," ""/m/015lz1",/m/03qc9zr,/m/04rlf,"/t/dd00125""",,,,
_bwi6VRGtKo,30,40," ""/m/03qc9zr","/m/07q0h5t""",,,,,,
_dOlpxBPOYs,40,50," ""/m/03qc9zr""",,,,,,,
_n-kUOZk0A8,130,140," ""/m/01j3sz",/m/03qc9zr,"/m/09x0r""",,,,,
_xRpsu02t9o,55,65," ""/m/03qc9zr""",,,,,,,
_x_wW0oww6s,130,140," ""/m/03qc9zr","/m/09x0r""",,,,,,
_zUxoKxirkU,80,90," ""/m/01j3sz",/m/02zsn,/m/03qc9zr,"/m/09x0r""",,,,
_zzhHu7HwZc,30,40," ""/m/03qc9zr",/m/03qtwd,"/m/04rlf""",,,,,
a0-6YW7yJOI,0,7," ""/m/03qc9zr","/m/09x0r""",,,,,,
a4SlNSngDK4,130,140," ""/m/03qc9zr""",,,,,,,
a5dg8Xqlg9Q,60,70," ""/m/03qc9zr",/m/09x0r,"/t/dd00125""",,,,,
a6m6zP8H7V8,21,31," ""/m/03qc9zr",/m/04rlf,"/m/09x0r""",,,,,
a7tfktyuApA,40,50," ""/m/03qc9zr""",,,,,,,
aGrrX4pFIMY,0,10," ""/m/03qc9zr","/m/09x0r""",,,,,,
aHeePaXGHUw,40,50," ""/m/03qc9zr""",,,,,,,
aJ6f-3q4cjI,0,10," ""/m/03qc9zr","/m/09x0r""",,,,,,
aKT0nr0EZS0,120,130," ""/m/03qc9zr","/m/09x0r""",,,,,,
aO3CKc-ia8c,0,10," ""/m/03qc9zr",/m/0463cq4,"/m/09x0r""",,,,,
aQIDbY1pxEY,260,270," ""/m/03qc9zr","/m/09x0r""",,,,,,
aQlLu0JvsOI,0,10," ""/m/03qc9zr","/m/09x0r""",,,,,,
aR-FuK-8i7w,80,90," ""/m/03qc9zr""",,,,,,,
aRvtzhi_JCw,150,160," ""/m/03qc9zr",/m/09x0r,"/m/0ytgt""",,,,,
aShUPTY2YZU,0,10," ""/m/03qc9zr""",,,,,,,
aYJFYGNWQDA,0,7," ""/m/03qc9zr","/m/09x0r""",,,,,,
aYV981DLt_A,0,10," ""/m/03qc9zr""",,,,,,,
aaOSaiHV8JM,30,40," ""/m/03qc9zr",/m/03qtwd,"/m/04rlf""",,,,,
ad-8X58aIEM,30,40," ""/m/03qc9zr",/m/09x0r,"/t/dd00125""",,,,,
aemciv8kSR8,70,80," ""/m/03qc9zr","/m/09x0r""",,,,,,
ajGS9Xe2-D0,0,10," ""/m/03qc9zr""",,,,,,,
axE2eg5A7tI,0,10," ""/m/03qc9zr","/m/09x0r""",,,,,,
az14uj5BdFs,110,120," ""/m/03qc9zr",/m/04rlf,"/m/09x0r""",,,,,
b0YFEY_mQDE,40,50," ""/m/03qc9zr""",,,,,,,
b4pBhW-HzL0,0,8," ""/m/03qc9zr""",,,,,,,
b6LdFZM8PXI,0,10," ""/m/03qc9zr","/m/09x0r""",,,,,,
bAsNBPiw1uE,30,40," ""/m/03qc9zr","/m/09x0r""",,,,,,
bC2ft36Boow,590,600," ""/m/03qc9zr","/m/09x0r""",,,,,,
bJsyQ0hIbEA,80,90," ""/m/03qc9zr","/m/09x0r""",,,,,,
bL1E4-RznKg,300,310," ""/m/03qc9zr","/m/04rlf""",,,,,,
bPcU2e209io,0,10," ""/m/03qc9zr","/m/04rlf""",,,,,,
bQFxMfvimuY,60,70," ""/m/03qc9zr",/m/0463cq4,"/m/09x0r""",,,,,
bUldzudX7qw,490,500," ""/m/03qc9zr""",,,,,,,
bVdI6laTOXI,480,490," ""/m/03qc9zr""",,,,,,,
bXABYl3QEqY,30,40," ""/m/03qc9zr",/m/04rlf,"/m/0c1dj""",,,,,
baDvfJQnt90,10,20," ""/m/03qc9zr","/m/09x0r""",,,,,,
bb_JOl3VJvc,130,140," ""/m/03qc9zr",/m/09x0r,"/m/0ytgt""",,,,,
be5hFB7NALw,10,20," ""/m/03qc9zr",/m/07rkbfh,"/m/09x0r""",,,,,
bmEAEVi31gA,30,40," ""/m/03qc9zr","/m/0c1dj""",,,,,,
brmyx0B4tNs,20,30," ""/m/03qc9zr","/m/09x0r""",,,,,,
bsUtc3ngao4,30,40," ""/m/03qc9zr","/m/09x0r""",,,,,,
c0lCWYckP2o,20,30," ""/m/03qc9zr","/m/09x0r""",,,,,,
c8BQ6QeeUyE,90,100," ""/m/03qc9zr""",,,,,,,
cBq6mI7aGyY,160,170," ""/m/03qc9zr","/m/09x0r""",,,,,,
cLKm-sWI4NI,50,60," ""/m/03qc9zr","/m/09x0r""",,,,,,
cMIgtKIXzuc,270,280," ""/m/03qc9zr",/m/09x0r,/m/0ytgt,/t/dd00001,"/t/dd00125""",,,
cNv_MciBjzI,430,440," ""/m/03qc9zr","/m/09x0r""",,,,,,
cX50at51k1Y,160,170," ""/m/03qc9zr""",,,,,,,
cc-CbLT6bNw,30,40," ""/m/03qc9zr","/m/0ytgt""",,,,,,
ccxFWwVTzK0,170,180," ""/m/03qc9zr",/m/09x0r,"/t/dd00125""",,,,,
cgl7maSy4-Y,150,160," ""/m/03qc9zr",/m/04rlf,"/m/09x0r""",,,,,
cmbJz59PuoM,20,30," ""/m/03qc9zr","/m/09x0r""",,,,,,
cna4LoIGcTg,140,150," ""/m/03qc9zr","/m/09x0r""",,,,,,
crTKKmyXtms,0,6," ""/m/03qc9zr""",,,,,,,
ct-2hxVLQ6A,75,85," ""/m/015lz1",/m/03qc9zr,"/m/074ft""",,,,,
d0-n3z-TYlA,280,290," ""/m/01j3sz",/m/03qc9zr,"/m/09x0r""",,,,,
d02WmK5ZaDI,270,280," ""/m/03qc9zr""",,,,,,,
d1pHnowFDV4,120,130," ""/m/03qc9zr",/m/0463cq4,/m/07qz6j3,/m/09x0r,"/m/0ytgt""",,,
d4v3_z0ISrM,200,210," ""/m/03qc9zr",/m/09x0r,"/t/dd00125""",,,,,
d6dh7S6-IRU,30,40," ""/m/03qc9zr",/m/09x0r,"/t/dd00125""",,,,,
d7j7lYqobpw,60,70," ""/m/01j3sz",/m/03qc9zr,"/m/09x0r""",,,,,
d8BX7Wvu_18,460,470," ""/m/03qc9zr","/m/09x0r""",,,,,,
d8gCyjY190U,50,60," ""/m/03qc9zr",/m/04rlf,"/m/09x0r""",,,,,
dOCspnBEzIg,90,100," ""/m/03qc9zr","/m/09x0r""",,,,,,
dQ5jdwNDkfQ,230,240," ""/m/03qc9zr","/m/09x0r""",,,,,,
dRWkhKbhsy8,30,40," ""/m/03qc9zr""",,,,,,,
dV80AR58Y5Q,50,60," ""/m/03qc9zr",/m/04rlf,"/m/09x0r""",,,,,
dVD1tMgp8Y0,400,410," ""/m/03qc9zr","/m/07s2xch""",,,,,,
dc02mhh-1Zk,140,150," ""/m/03qc9zr","/m/09x0r""",,,,,,
ddo49ckg_B8,550,560," ""/m/03qc9zr",/m/09x0r,"/t/dd00125""",,,,,
dfzN6ThAhJk,30,40," ""/m/03qc9zr","/m/04rlf""",,,,,,
dj3OG-Dxcx8,140,150," ""/m/03qc9zr""",,,,,,,
dk99Dm1x3NY,30,40," ""/m/03qc9zr","/m/09x0r""",,,,,,
do5gd0lFHdY,30,40," ""/m/03qc9zr","/m/09x0r""",,,,,,
drgJ-Z7YDNY,10,20," ""/m/03qc9zr","/m/04rlf""",,,,,,
e2Ku4nh-vAA,20,30," ""/m/015p6",/m/03qc9zr,/m/068hy,"/m/09x0r""",,,,
e5ttSYXvblM,50,60," ""/m/03qc9zr","/m/04rlf""",,,,,,
e7gIpy4Gj38,70,80," ""/m/03qc9zr""",,,,,,,
e7i3GXL0iuU,140,150," ""/m/03qc9zr",/m/09x0r,"/m/0ytgt""",,,,,
e9dTE-fMs6Q,40,50," ""/m/03qc9zr","/m/04rlf""",,,,,,
eAIAfmg-bCA,30,40," ""/m/03qc9zr""",,,,,,,
eAQC9olONU4,30,40," ""/m/03qc9zr""",,,,,,,
eD4Sos-6qC0,30,40," ""/m/03qc9zr""",,,,,,,
eG6zQFTc8SA,40,50," ""/m/03qc9zr",/m/09x0r,/m/0ytgt,"/t/dd00125""",,,,
eJRxB2EvJos,50,60," ""/m/03qc9zr","/m/053hz1""",,,,,,
eL3tNtRCsU4,70,80," ""/m/03qc9zr","/m/09x0r""",,,,,,
eW7-uZ18HQA,300,310," ""/m/03qc9zr""",,,,,,,
ea9KTvuGDnE,180,190," ""/m/03qc9zr""",,,,,,,
eeG5d-BMKjA,90,100," ""/m/03qc9zr","/m/09x0r""",,,,,,
ef7EjtZAHps,410,420," ""/m/01j3sz",/m/03qc9zr,"/m/09x0r""",,,,,
ejo6Gy6VL4k,0,10," ""/m/03qc9zr""",,,,,,,
f3BW2XdLoug,30,40," ""/m/03qc9zr","/m/09x0r""",,,,,,
f3ZutqBqIxo,0,7," ""/m/03qc9zr","/m/07bgp""",,,,,,
f7GdHA9E1hc,0,7," ""/m/03fwl",/m/03qc9zr,/m/07bgp,/m/0ch8v,"/m/0jbk""",,,
fEgkNrEcwE4,20,30," ""/m/03qc9zr","/m/09x0r""",,,,,,
fL5DWeK6XOU,10,20," ""/m/03qc9zr""",,,,,,,
fOJHXXW5f5c,290,300," ""/m/03qc9zr","/m/09x0r""",,,,,,
fThwUtp9sWU,30,40," ""/m/02zsn",/m/03qc9zr,/m/09x0r,"/m/0ytgt""",,,,
fZLBpi28Nb0,40,50," ""/m/03qc9zr","/m/09x0r""",,,,,,
fo5D5zd1W-o,20,30," ""/m/03qc9zr","/m/04rlf""",,,,,,
fojyzit09fc,80,90," ""/m/03qc9zr","/m/09x0r""",,,,,,
fqBWAEgkm0c,0,10," ""/m/03qc9zr","/m/09x0r""",,,,,,
ft6MH3dUVx0,360,370," ""/m/03qc9zr""",,,,,,,
fvH4QsOLleE,100,110," ""/m/03qc9zr",/m/07sq110,/m/09x0r,"/t/dd00125""",,,,
g1GM3tTisYg,0,10," ""/m/03qc9zr",/m/05tny_,/m/068hy,/m/0bt9lr,"/m/0jbk""",,,
g5WKdrCYQF4,0,10," ""/m/03qc9zr","/m/09x0r""",,,,,,
g8hiCn2lPmQ,170,180," ""/m/028v0c",/m/03qc9zr,/m/07yv9,/m/09x0r,"/t/dd00128""",,,
gDTE8ahVpPM,150,160," ""/m/03qc9zr""",,,,,,,
gDdegTUpmkQ,210,220," ""/m/03qc9zr""",,,,,,,
gMaq5GM5WgM,150,160," ""/m/03qc9zr","/m/09x0r""",,,,,,
gPrh6yPCWHY,30,40," ""/m/03qc9zr""",,,,,,,
gS8bJzcHMcw,100,110," ""/m/03qc9zr",/m/09x0r,"/m/0jbk""",,,,,
gVfFKmGOcmQ,90,100," ""/m/03qc9zr","/m/09x0r""",,,,,,
gYrZPaSNPw8,0,10," ""/m/03qc9zr",/m/07yv9,/m/09x0r,"/m/0k4j""",,,,
g_yAFTSC5j4,210,220," ""/m/03qc9zr""",,,,,,,
gcLfRqiWh1U,80,90," ""/m/03qc9zr",/m/04rlf,"/m/09x0r""",,,,,
geSqC-S7NRg,120,130," ""/m/03qc9zr",/m/05zppz,"/m/09x0r""",,,,,
gpfs4RxaDJU,16,26," ""/m/03qc9zr""",,,,,,,
guSIPRYgd1k,20,30," ""/m/03qc9zr","/m/09x0r""",,,,,,
gzB2yQfd2Js,10,20," ""/m/03fwl",/m/03qc9zr,/m/04rlf,"/m/0jbk""",,,,
h3Oc38lXzQM,40,50," ""/m/03qc9zr","/m/09x0r""",,,,,,
hBK50qrWc_E,10,20," ""/m/03qc9zr""",,,,,,,
hBefVykN8_M,50,60," ""/m/03qc9zr",/m/04rlf,"/m/09x0r""",,,,,
hCsLR3WBEQU,380,390," ""/m/03qc9zr","/m/09x0r""",,,,,,
hD4tCwOfUW8,40,50," ""/m/03qc9zr""",,,,,,,
hFbaSxtuKwM,460,470," ""/m/03qc9zr","/m/09x0r""",,,,,,
hTCJ91oPxVU,60,70," ""/m/03qc9zr","/m/09x0r""",,,,,,
hU3MwNvgK68,60,70," ""/m/03qc9zr",/m/09x0r,"/m/0ytgt""",,,,,
h_AeB-1Ye2I,280,290," ""/m/03qc9zr",/m/09x0r,"/m/0ytgt""",,,,,
h_ECXv_Ex8E,20,30," ""/m/03qc9zr",/m/09x0r,"/m/0ytgt""",,,,,
h_N3xZ3isAU,30,40," ""/m/03qc9zr",/m/04rlf,"/m/09x0r""",,,,,
hbULNdHS7_8,590,600," ""/m/03qc9zr","/m/09x0r""",,,,,,
hwqa4AG2SRQ,10,20," ""/m/03qc9zr","/m/09x0r""",,,,,,
i74T4DHi7m0,0,10," ""/m/03qc9zr","/m/09x0r""",,,,,,
iBAnJjOabhA,80,90," ""/m/03qc9zr",/m/04rlf,"/m/09x0r""",,,,,
iMHgNZ6KoIE,290,300," ""/m/03qc9zr","/m/0ytgt""",,,,,,
iNaZbzNIPLM,300,310," ""/m/03qc9zr","/m/09x0r""",,,,,,
iNunmu3D47g,110,120," ""/m/03qc9zr""",,,,,,,
iTc24qbBqT4,30,40," ""/m/03qc9zr",/m/09x0r,/m/0bt9lr,"/m/0jbk""",,,,
iWGZ4DwITA8,100,110," ""/m/03qc9zr""",,,,,,,
iYbBoE3xCEE,90,100," ""/m/03qc9zr""",,,,,,,
idqf7NcN1VM,0,10," ""/m/03qc9zr","/m/04rlf""",,,,,,
ihDy9IwP3Mo,0,10," ""/m/03qc9zr","/m/04rlf""",,,,,,
iiI2Qwgl39k,420,430," ""/m/03qc9zr""",,,,,,,
ipfmCUYrto8,10,20," ""/m/03qc9zr","/m/04rlf""",,,,,,
iryMredYzj8,140,150," ""/m/03qc9zr""",,,,,,,
iwG_ko81d30,150,160," ""/m/03qc9zr""",,,,,,,
j7238G4XtGY,70,80," ""/m/03qc9zr","/m/09x0r""",,,,,,
jBhXmVgGfTw,0,10," ""/m/03qc9zr",/m/03qtwd,/m/04rlf,/m/07p6fty,"/m/09x0r""",,,
jCvTycNubqU,0,10," ""/m/03qc9zr",/m/09x0r,"/m/0ytgt""",,,,,
jDpv97yelwI,0,10," ""/m/03qc9zr""",,,,,,,
jEY8EKuqbSM,0,10," ""/m/03qc9zr","/m/09x0r""",,,,,,
jF3MujbSJt0,30,40," ""/m/03qc9zr""",,,,,,,
jKNfVi-2VzA,90,100," ""/m/03qc9zr""",,,,,,,
jT4UDi6G2sM,50,60," ""/m/03qc9zr","/m/09x0r""",,,,,,
jTeuFn_CFHc,0,10," ""/m/03qc9zr",/m/03qtwd,"/m/09x0r""",,,,,
jX6NUqEq6Ok,80,90," ""/m/03qc9zr","/m/09x0r""",,,,,,
j_Ppvr-yfzQ,110,120," ""/m/03qc9zr","/m/09x0r""",,,,,,
ja5_3urXc9E,180,190," ""/m/03qc9zr","/m/09x0r""",,,,,,
jbNK2cWgN0I,30,40," ""/m/03qc9zr",/m/07qz6j3,"/m/09x0r""",,,,,
jc8SPqDauFA,10,20," ""/m/03qc9zr""",,,,,,,
je9QETpz8QU,0,9," ""/m/03qc9zr","/m/09x0r""",,,,,,
jfoj48K0Zs8,20,30," ""/m/03qc9zr","/t/dd00126""",,,,,,
jgWHfYFMjOc,10,20," ""/m/03qc9zr","/m/09x0r""",,,,,,
jk18DmFdH1c,20,30," ""/m/03qc9zr",/m/04rlf,"/m/09x0r""",,,,,
k9UC0DwpPLo,0,10," ""/m/03qc9zr","/m/09x0r""",,,,,,
kMwzU_gcPz4,110,120," ""/m/03qc9zr",/m/04rlf,"/m/09x0r""",,,,,
kX-25zHIuD0,60,70," ""/m/03qc9zr","/m/04rlf""",,,,,,
kjaaZgdws80,30,40," ""/m/03qc9zr",/m/09x0r,"/m/0ytgt""",,,,,
km5YVF5x_CU,10,20," ""/m/03qc9zr","/m/09x0r""",,,,,,
krHGwgAbeYs,210,220," ""/m/03qc9zr""",,,,,,,
kv0L1LLBHvA,120,130," ""/m/03qc9zr","/m/09x0r""",,,,,,
kxjXjqeiPpg,20,30," ""/m/03qc9zr",/m/07qz6j3,/m/07s04w4,"/m/09x0r""",,,,
l11PnbU0ycQ,3,13," ""/m/03qc9zr""",,,,,,,
l2gIWHmVE1o,10,20," ""/m/03qc9zr","/m/09x0r""",,,,,,
l80hiBfvyXo,0,9," ""/m/03qc9zr","/m/04rlf""",,,,,,
lEPrdKorxNs,100,110," ""/m/03qc9zr","/m/09x0r""",,,,,,
lEuN1pt3R8I,10,20," ""/m/03qc9zr",/m/07sq110,"/m/0ytgt""",,,,,
lOiFehXjng8,30,40," ""/m/03qc9zr","/m/09x0r""",,,,,,
lRfPkQcCwjI,140,150," ""/m/03qc9zr",/m/04rlf,"/m/09x0r""",,,,,
lS5rIuG1ZqU,20,30," ""/m/03qc9zr""",,,,,,,
lUXp8RLkv_8,10,20," ""/m/03qc9zr","/m/09x0r""",,,,,,
lbLFYOSNbGQ,80,90," ""/m/03qc9zr","/m/04rlf""",,,,,,
lhhOYWAFeFI,27,37," ""/m/03qc9zr",/m/06h7j,/m/09x0r,"/t/dd00128""",,,,
ljcAxVzBKbE,13,23," ""/m/03qc9zr","/m/04rlf""",,,,,,
ljkaMRDU5ng,0,6," ""/m/03qc9zr""",,,,,,,
lqdLdNvNOjo,30,40," ""/m/03qc9zr","/m/09x0r""",,,,,,
lrIXmX_p_94,60,70," ""/m/015lz1",/m/03qc9zr,"/t/dd00125""",,,,,
ltwnMaBY1OE,30,40," ""/m/03qc9zr","/m/09x0r""",,,,,,
lxsMyRaGtE0,100,110," ""/m/03qc9zr""",,,,,,,
m0IfV_i2wGA,40,50," ""/m/03qc9zr","/m/09x0r""",,,,,,
m4msUIyEUBQ,30,40," ""/m/03qc9zr""",,,,,,,
m6XM5JFsNjw,10,20," ""/m/03qc9zr",/m/04rlf,"/m/09x0r""",,,,,
mLmed2Ycwfk,30,40," ""/m/03qc9zr",/m/0463cq4,/m/09x0r,"/m/0ytgt""",,,,
mh_mC2R2iyc,170,180," ""/m/03qc9zr",/m/09x0r,/t/dd00126,"/t/dd00127""",,,,
mjlfWWepXQI,4,14," ""/m/03qc9zr""",,,,,,,
mymn1bgyZwY,360,370," ""/m/03qc9zr""",,,,,,,
mzxtnX4Rh7o,0,7," ""/m/03qc9zr",/m/09x0r,"/t/dd00018""",,,,,
nIFbKv1qjfw,20,30," ""/m/03qc9zr""",,,,,,,
nL60Ge6Wb8I,30,40," ""/m/03qc9zr","/m/07ppn3j""",,,,,,
nLS9-JaS5yk,30,40," ""/m/03qc9zr",/m/04rlf,"/m/06rqw""",,,,,
nLVmclZYZMY,200,210," ""/m/03qc9zr""",,,,,,,
nOrpR5-fUK4,10,20," ""/m/03qc9zr",/m/07s04w4,"/m/09x0r""",,,,,
nVlHig9KNzw,0,10," ""/m/03qc9zr",/m/04rlf,"/m/09x0r""",,,,,
nWHHtgTPhUo,250,260," ""/m/03qc9zr",/m/04rlf,"/m/09x0r""",,,,,
nal-U7S8BME,70,80," ""/m/03qc9zr","/m/09x0r""",,,,,,
nmbLZtYRoBs,360,370," ""/m/03qc9zr","/m/09x0r""",,,,,,
nrcC8Dx7bGc,40,50," ""/m/03qc9zr","/m/09x0r""",,,,,,
ntQq29gGRZM,0,10," ""/m/03qc9zr","/m/09x0r""",,,,,,
oMRrRTeeWes,60,70," ""/m/03qc9zr""",,,,,,,
oNGEmsgEW1s,0,10," ""/m/03qc9zr""",,,,,,,
oThV7hjNJaQ,90,100," ""/m/03qc9zr""",,,,,,,
oUG3rC1gf6c,130,140," ""/m/03qc9zr",/m/07r660_,/m/07sq110,/m/09x0r,"/t/dd00125""",,,
oWqQrTe3JKE,10,20," ""/m/03qc9zr","/m/04rlf""",,,,,,
oaxLmrAGW_s,130,140," ""/m/03qc9zr""",,,,,,,
oe4zYEd1qJA,0,10," ""/m/03qc9zr","/m/09x0r""",,,,,,
oezAMNywotU,0,10," ""/m/03k3r",/m/03qc9zr,/m/09x0r,"/m/0jbk""",,,,
ohnpW8jg2so,200,210," ""/m/03qc9zr","/m/09x0r""",,,,,,
oi-NyVxkKUc,0,5," ""/m/03qc9zr""",,,,,,,
op1hDJcHZfw,230,240," ""/m/03qc9zr","/m/09x0r""",,,,,,
opR-ul4U4Ms,60,70," ""/m/03qc9zr","/m/04rlf""",,,,,,
ovPqn8y3wF0,0,10," ""/m/03qc9zr""",,,,,,,
p52_K2ToaP8,70,80," ""/m/03qc9zr","/m/09x0r""",,,,,,
p9SW090_Q3w,90,100," ""/m/03qc9zr",/m/09x0r,"/m/0ytgt""",,,,,
pBAmr-jjGWc,70,80," ""/m/03qc9zr",/m/09x0r,"/m/0ytgt""",,,,,
pLfezoYt7DY,130,140," ""/m/03qc9zr","/m/09x0r""",,,,,,
pLkhhQWCAxc,180,190," ""/m/03qc9zr",/m/04rlf,"/m/09x0r""",,,,,
pQLcumTLgp8,0,10," ""/m/03qc9zr","/t/dd00125""",,,,,,
pRlWXA5axBE,20,30," ""/m/03qc9zr",/m/04rlf,/m/07s2xch,"/m/09x0r""",,,,
pRxzgwe2Dtc,30,40," ""/m/03qc9zr""",,,,,,,
pU0NyHEBVm0,0,10," ""/m/03qc9zr""",,,,,,,
paHuu_ewwNI,60,70," ""/m/03qc9zr",/m/04rlf,"/m/09x0r""",,,,,
pabnAyemou4,0,10," ""/m/03qc9zr""",,,,,,,
pbfnndv19Vg,190,200," ""/m/03qc9zr","/m/09x0r""",,,,,,
pgLSY6J7O1w,30,40," ""/m/03qc9zr","/m/09x0r""",,,,,,
pqkIlrKOdJ8,220,230," ""/m/03qc9zr","/m/09x0r""",,,,,,
psbdcxoEWAw,0,7," ""/m/03qc9zr","/m/0jbk""",,,,,,
pvoyTODUvpw,370,380," ""/m/03qc9zr","/m/09x0r""",,,,,,
pxBP51p61Ek,90,100," ""/m/03qc9zr","/m/09x0r""",,,,,,
pyFEZ5EfYiQ,30,40," ""/m/03qc9zr""",,,,,,,
q-oiaMGNHk0,180,190," ""/m/03qc9zr",/m/07ryjzk,/m/07s04w4,"/m/09x0r""",,,,
q2X9mcMP_l4,220,230," ""/m/03qc9zr",/m/07c52,"/m/09x0r""",,,,,
q6j31iPnb0M,60,70," ""/m/03qc9zr""",,,,,,,
qBeSf86MFyg,20,30," ""/m/03qc9zr","/m/09x0r""",,,,,,
qIcnZQW3CCw,0,10," ""/m/03qc9zr""",,,,,,,
qMcoKipSRpg,0,10," ""/m/03qc9zr""",,,,,,,
qQ0O8nEYvSI,80,90," ""/m/03qc9zr""",,,,,,,
qRAdhj9Lzt8,5,15," ""/m/03qc9zr","/m/05zppz""",,,,,,
qVblmvSkQ3w,110,120," ""/m/03qc9zr","/m/09x0r""",,,,,,
qW7h3PZqFlk,10,20," ""/m/01yrx",/m/03qc9zr,/m/068hy,/m/09x0r,"/m/0jbk""",,,
qdnB9ZFMeX4,30,40," ""/m/03qc9zr",/m/04rlf,"/m/0c1dj""",,,,,
qhOroBS6WNQ,30,40," ""/m/03qc9zr","/m/09x0r""",,,,,,
qsa9_WhGipM,290,300," ""/m/03qc9zr""",,,,,,,
qt4jzFElGu8,10,20," ""/m/03qc9zr",/m/09x0r,"/m/0c1dj""",,,,,
qtcZNYixCnc,90,100," ""/m/03qc9zr","/m/09x0r""",,,,,,
r0DEjERXMY8,70,80," ""/m/03qc9zr""",,,,,,,
r1Z5_gSxMpA,0,10," ""/m/03qc9zr""",,,,,,,
r1_DSA76JSk,20,30," ""/m/03qc9zr","/m/09x0r""",,,,,,
rDa7UMwSnBc,10,20," ""/m/03qc9zr",/m/04rlf,"/m/09x0r""",,,,,
rIilKK3MAzs,180,190," ""/m/03qc9zr",/m/04rlf,"/m/09x0r""",,,,,
rLO4gR2MclQ,20,30," ""/m/03qc9zr",/m/04rlf,/m/07rwj3x,"/m/09x0r""",,,,
rMAvJseEE0I,30,40," ""/m/03qc9zr","/m/09x0r""",,,,,,
rQOGxgzVlXU,80,90," ""/m/03qc9zr","/m/09x0r""",,,,,,
rSVSOmswxSM,10,20," ""/m/03qc9zr""",,,,,,,
rV7Fmj9C5Xc,40,50," ""/m/03qc9zr""",,,,,,,
rWK399XnjH0,0,10," ""/m/03qc9zr",/m/03qtwd,"/m/09x0r""",,,,,
rYI4AOVgjq8,50,60," ""/m/03qc9zr""",,,,,,,
rYIwPq14ewU,0,10," ""/m/03qc9zr",/m/068hy,/m/09x0r,/m/0bt9lr,"/m/0jbk""",,,
re3zz9OXgYQ,40,50," ""/m/03qc9zr","/m/09x0r""",,,,,,
ryC321HB9Ww,30,40," ""/m/03qc9zr",/m/04rlf,"/m/09x0r""",,,,,
rzl2lpspJb0,80,90," ""/m/03qc9zr",/m/04rlf,"/m/09x0r""",,,,,
s7KwAXoVpOk,20,30," ""/m/03qc9zr","/m/09x0r""",,,,,,
sC-yINyA4Q4,0,10," ""/m/03qc9zr","/m/04rlf""",,,,,,
sJd6aNR8vbo,15,25," ""/m/03qc9zr","/m/09x0r""",,,,,,
sQECoyVteT4,30,40," ""/m/03qc9zr""",,,,,,,
saevFB0acTY,30,40," ""/m/03qc9zr","/m/04rlf""",,,,,,
sqxz6PhK-qI,50,60," ""/m/03qc9zr","/m/09x0r""",,,,,,
ssyslh9EBjw,260,270," ""/m/03qc9zr","/m/09x0r""",,,,,,
stOX77s1Hvw,460,470," ""/m/03qc9zr",/m/04rlf,"/m/09x0r""",,,,,
suFIELb--3M,20,30," ""/m/03qc9zr","/m/09x0r""",,,,,,
svoJ0QWSmWw,0,10," ""/m/03qc9zr",/m/068hy,/m/0bt9lr,"/m/0jbk""",,,,
t2qftVADnoM,340,350," ""/m/03qc9zr","/m/09x0r""",,,,,,
t312hrd8hL0,140,150," ""/m/015p6",/m/03qc9zr,/m/09x0r,"/m/0dbvp""",,,,
t6LXUmIj6dE,170,180," ""/m/03qc9zr","/m/09x0r""",,,,,,
tIUz-TQsrIg,50,60," ""/m/03qc9zr",/m/04rlf,"/m/09x0r""",,,,,
t_vMIL89pNM,40,50," ""/m/03qc9zr""",,,,,,,
thQ3PeqyArg,30,40," ""/m/01j3sz",/m/03qc9zr,"/m/09x0r""",,,,,
tiYLXMeYcUk,90,100," ""/m/03qc9zr","/m/09x0r""",,,,,,
tjOt2iRa6kA,90,100," ""/m/03qc9zr",/m/09x0r,"/t/dd00125""",,,,,
tn0zr04AO3k,0,8," ""/m/03qc9zr","/m/09x0r""",,,,,,
tnq1qScIcYE,0,10," ""/m/03qc9zr","/m/09x0r""",,,,,,
to4Fi7Ie9mQ,90,100," ""/m/03qc9zr",/m/09x0r,/t/dd00013,"/t/dd00128""",,,,
tqbxnsUkL6o,70,80," ""/m/03qc9zr","/m/04rlf""",,,,,,
tucDT1-g9N8,100,110," ""/m/03qc9zr""",,,,,,,
tyeUOKCrarI,0,10," ""/m/03qc9zr","/m/09x0r""",,,,,,
u-GtA9LKJU0,180,190," ""/m/03qc9zr","/m/09x0r""",,,,,,
u2ni6jGuN70,50,60," ""/m/03qc9zr","/m/09x0r""",,,,,,
u5b9RZ7IPRU,30,40," ""/m/03qc9zr""",,,,,,,
uIWuyczg_K8,60,70," ""/m/03qc9zr","/m/04rlf""",,,,,,
uQw4BjJHlLQ,0,10," ""/m/03qc9zr",/m/04rlf,"/m/09x0r""",,,,,
ujSfBZDZ-6c,0,8," ""/m/03qc9zr""",,,,,,,
usdI6LhkVSY,10,20," ""/m/03qc9zr","/m/09x0r""",,,,,,
uw4Ixj35j3g,60,70," ""/m/03qc9zr","/m/09x0r""",,,,,,
v4lltjPS19o,40,50," ""/m/03qc9zr",/m/07r660_,/m/07s04w4,"/m/09x0r""",,,,
v6PXm3CKyXs,60,70," ""/m/03qc9zr","/m/09x0r""",,,,,,
v9wvbr4y_y4,0,10," ""/m/03qc9zr","/m/04rlf""",,,,,,
vFGn2s3Bdfs,17,27," ""/m/03qc9zr",/m/04rlf,"/m/09x0r""",,,,,
vGm_PbUfq_o,10,20," ""/m/03qc9zr""",,,,,,,
vLG6W4Bc_pc,210,220," ""/m/03qc9zr",/m/09x0r,"/t/dd00129""",,,,,
vWQnKucgZM8,20,30," ""/m/03qc9zr""",,,,,,,
vYEsMek-WQc,430,440," ""/m/03qc9zr","/m/09x0r""",,,,,,
vgpAqgBIpdM,220,230," ""/m/03qc9zr","/m/09x0r""",,,,,,
vjWLQ6GUftA,50,60," ""/m/03qc9zr","/m/04rlf""",,,,,,
voxRqDSPHRc,30,40," ""/m/03qc9zr",/m/0463cq4,"/m/09x0r""",,,,,
vt2mmOxCj4c,60,70," ""/m/03qc9zr","/m/09x0r""",,,,,,
vvaQqKtCAcA,0,10," ""/m/03qc9zr","/m/09x0r""",,,,,,
vyQhsL4lcO0,460,470," ""/m/01j3sz",/m/03qc9zr,"/m/09x0r""",,,,,
vybhW44VVks,160,170," ""/m/03qc9zr","/m/09x0r""",,,,,,
w9o9M6XtCYA,0,10," ""/m/03qc9zr",/m/07r660_,/m/07sq110,"/m/09x0r""",,,,
wJP_MrBuWQw,160,170," ""/m/03qc9zr","/m/09x0r""",,,,,,
wUnJ-NhdzWU,0,7," ""/m/03fwl",/m/03qc9zr,/m/09t49,"/m/0jbk""",,,,
wcvUmhtQ6gY,50,60," ""/m/03qc9zr","/m/09x0r""",,,,,,
web1xSJDhFo,190,200," ""/m/03qc9zr""",,,,,,,
wfVlCMVVdeQ,50,60," ""/m/03qc9zr""",,,,,,,
wfdTpX5KrC8,10,20," ""/m/03qc9zr","/m/09x0r""",,,,,,
wgvJDV516wg,0,7," ""/m/03fwl",/m/03qc9zr,/m/09x0r,"/m/0jbk""",,,,
wjpmyeC_RD0,0,8," ""/m/03qc9zr""",,,,,,,
wng1ep_j6dw,80,90," ""/m/03qc9zr","/m/09x0r""",,,,,,
wsEYGV_ID7E,10,20," ""/m/03qc9zr",/m/0463cq4,"/t/dd00002""",,,,,
x2oD_eXLFdk,0,7," ""/m/03fwl",/m/03qc9zr,/m/09x0r,/m/0ch8v,"/m/0jbk""",,,
xCUDDVSlyvs,10,20," ""/m/03qc9zr",/m/03qtwd,"/m/09x0r""",,,,,
xEJFlSm1Rho,10,20," ""/m/03qc9zr",/m/04rlf,/m/05zppz,"/m/09x0r""",,,,
xGqWSur-CZg,0,10," ""/m/03qc9zr""",,,,,,,
xKzhMEzPaT4,0,10," ""/m/03qc9zr""",,,,,,,
xNEe8HNowYY,20,30," ""/m/03qc9zr","/m/09x0r""",,,,,,
xNtX3g_67oc,10,20," ""/m/03qc9zr","/m/04rlf""",,,,,,
xUv6Tb6KiLo,220,230," ""/m/03qc9zr","/m/09x0r""",,,,,,
xk2i1aLaDgQ,290,300," ""/m/03qc9zr","/m/09x0r""",,,,,,
xkFQIuXxP4c,40,50," ""/m/03qc9zr","/m/09x0r""",,,,,,
xnFW_rf2g4M,30,40," ""/m/03qc9zr","/m/09x0r""",,,,,,
xuMDGR-zYZU,70,80," ""/m/03qc9zr","/m/09x0r""",,,,,,
xxHffmisVZc,30,40," ""/m/03qc9zr","/m/09x0r""",,,,,,
y-koZ9mpgFE,380,390," ""/m/03qc9zr","/m/09x0r""",,,,,,
y9FET6vk8N4,10,20," ""/m/03qc9zr",/m/04rlf,"/m/07qnq_y""",,,,,
yASSsS9q6mY,11,21," ""/m/03qc9zr""",,,,,,,
yAZnV-TxX8g,0,10," ""/m/03qc9zr""",,,,,,,
yF3ExPkSn4Y,60,70," ""/m/03qc9zr""",,,,,,,
yNI0GBzxIFI,61,71," ""/m/03qc9zr""",,,,,,,
yRtQVxM3svk,0,8," ""/m/03qc9zr""",,,,,,,
ySUuWxNEDtY,30,40," ""/m/03qc9zr","/m/09x0r""",,,,,,
yWZe8IjpL20,80,90," ""/m/03qc9zr",/m/04rlf,"/m/09x0r""",,,,,
yXm4Yc_H6eg,30,40," ""/m/03qc9zr""",,,,,,,
ybTb6clQOUg,30,40," ""/m/03qc9zr",/m/07qz6j3,"/m/09x0r""",,,,,
yc493jnFhD8,80,90," ""/m/01j3sz",/m/03qc9zr,/m/09x0r,"/t/dd00125""",,,,
ydHY9V3Vf2M,50,60," ""/m/03qc9zr",/m/068hy,/m/09x0r,/m/0bt9lr,"/m/0jbk""",,,
ygAoDKnuXRU,90,100," ""/m/03qc9zr""",,,,,,,
ygS6BvqnpkU,0,7," ""/m/03qc9zr",/m/09x0r,"/m/0jbk""",,,,,
yjpd9D4Kc4Q,60,70," ""/m/03qc9zr""",,,,,,,
yo-qYdY2aY8,0,9," ""/m/03qc9zr","/m/04rlf""",,,,,,
ywTqqfXcvmk,150,160," ""/m/03qc9zr""",,,,,,,
yx1Pa1SHRms,440,450," ""/m/03qc9zr","/m/09x0r""",,,,,,
z-5IsUqbE_U,0,5," ""/m/03qc9zr""",,,,,,,
z78HFwCHYjI,260,270," ""/m/03qc9zr","/m/09x0r""",,,,,,
zCf3WwpTZew,10,20," ""/m/015jpf",/m/03qc9zr,"/m/09x0r""",,,,,
zWPtqxwvB1k,310,320," ""/m/03qc9zr","/m/09x0r""",,,,,,
zhAUkNhQ7uM,10,20," ""/m/03qc9zr","/m/07s2xch""",,,,,,
zkWoni28n64,70,80," ""/m/03qc9zr","/m/09x0r""",,,,,,
zo10roED5Qg,70,80," ""/m/03qc9zr",/m/04rlf,"/m/09x0r""",,,,,
zodTMCJFKv8,110,120," ""/m/03qc9zr""",,,,,,,
zpnEnQD3XuU,250,260," ""/m/03qc9zr",/m/04rlf,"/t/dd00125""",,,,,
